"Last updated: October 05, 2026 02:05 PM UTC"
Updated 10/05/26 at 02:05pm,Position Rank,Position,Team,Value,Age,Rookie,1QBPosition Rank,1QBValue,RdrftPosition Rank,RdrftValue
Jahmyr Gibbs,RB1,RB,DET,9999,24.5,No,RB2,9998,,0
Josh Allen,QB1,QB,BUF,9995,30.4,No,QB1,7848,,0
Jaxon Smith-Njigba,WR1,WR,SEA,9993,24.6,No,WR1,9999,,0
Bijan Robinson,RB2,RB,ATL,9991,24.7,No,RB1,9998.99,,0
Ja'Marr Chase,WR2,WR,CIN,9108,26.6,No,WR2,9250,,0
Brock Bowers,TE1,TE,LVR,8937.33,23.8,No,TE1,8920.83,,0
Trey McBride,TE2,TE,ARI,8354.75,26.9,No,TE2,8422.95,,0
Amon-Ra St. Brown,WR3,WR,DET,8065,27.0,No,WR3,8120,,0
Puka Nacua,WR4,WR,LAR,7698,25.4,No,WR4,7679,,0
Caleb Williams,QB2,QB,CHI,7619,24.9,No,QB3,6133,,0
Lamar Jackson,QB3,QB,BAL,7590,29.7,No,QB2,6325,,0
Ashton Jeanty,RB3,RB,LVR,7435,22.8,No,RB3,7548,,0
CeeDee Lamb,WR5,WR,DAL,7347,27.5,No,WR5,7332,,0
Jeremiyah Love,RB4,RB,ARI,7296,21.4,Yes,RB5,7467,,0
Kenneth Walker III,RB5,RB,KCC,7265,26.0,No,RB4,7531,,0
Justin Jefferson,WR6,WR,MIN,7227,27.3,No,WR6,7270,,0
2027 Early 1st,,PI,,6988,,,,7203,,0
Joe Burrow,QB4,QB,CIN,6950,29.8,No,QB4,5768,,0
Brock Purdy,QB5,QB,SFO,6916,26.8,No,QB7,5277,,0
Drake London,WR7,WR,ATL,6787,25.2,No,WR8,6994,,0
Chris Olave,WR8,WR,NOS,6779,26.3,No,WR7,7031,,0
Trevor Lawrence,QB6,QB,JAC,6754,27.0,No,QB8,5268,,0
Jonathan Taylor,RB6,RB,IND,6728,27.7,No,RB6,7046,,0
Malik Nabers,WR9,WR,NYG,6652,23.2,No,WR9,6913,,0
James Cook,RB7,RB,BUF,6648,27.0,No,RB7,6966,,0
Patrick Mahomes,QB7,QB,KCC,6615,31.0,No,QB9,5233,,0
Drake Maye,QB8,QB,NEP,6474,24.1,No,QB5,5656,,0
Tyler Warren,TE3,TE,IND,6393.86,24.4,No,TE3,6897.66,,0
Zay Flowers,WR10,WR,BAL,6246,26.1,No,WR11,6517,,0
Garrett Wilson,WR11,WR,NYJ,6206,26.2,No,WR10,6519,,0
George Pickens,WR12,WR,DAL,6043,25.6,No,WR14,6341,,0
Tetairoa McMillan,WR13,WR,CAR,6041,23.5,No,WR12,6417,,0
Tyler Shough,QB9,QB,NOS,6017,27.0,No,QB13,4654,,0
Jayden Daniels,QB10,QB,WAS,5975,25.8,No,QB6,5432,,0
Parker Washington,WR14,WR,JAC,5965,24.5,No,WR13,6350,,0
Jalen Hurts,QB11,QB,PHI,5938,28.2,No,QB10,5208,,0
Colston Loveland,TE4,TE,CHI,5910.61,22.5,No,TE4,6537.61,,0
Nico Collins,WR15,WR,HOU,5888,27.6,No,WR15,6264,,0
2027 Mid 1st,,PI,,5872,,,,6172,,0
Chase Brown,RB8,RB,CIN,5801,26.5,No,RB8,6300,,0
Omarion Hampton,RB9,RB,LAC,5671,23.6,No,RB9,6254,,0
DeVonta Smith,WR16,WR,PHI,5669,27.9,No,WR16,6127,,0
Christian McCaffrey,RB10,RB,SFO,5668,30.3,No,RB10,6214,,0
Jaxson Dart,QB12,QB,NYG,5590,23.4,No,QB12,4733,,0
2028 Early 1st,,PI,,5539,,,,5989,,0
De'Von Achane,RB11,RB,MIA,5510,25.0,No,RB12,6002,,0
Breece Hall,RB12,RB,NYJ,5499,25.4,No,RB11,6168,,0
Bo Nix,QB13,QB,DEN,5464,26.6,No,QB15,4561,,0
Bryce Young,QB14,QB,CAR,5421,25.2,No,QB19,3919,,0
Dak Prescott,QB15,QB,DAL,5401,33.2,No,QB14,4604,,0
Emeka Egbuka,WR17,WR,TBB,5385,24.0,No,WR19,5911,,0
Justin Herbert,QB16,QB,LAC,5351,28.6,No,QB11,4775,,0
Ladd McConkey,WR18,WR,LAC,5320,24.9,No,WR18,5982,,0
Luther Burden,WR19,WR,CHI,5270,22.8,No,WR17,5986,,0
Harold Fannin,TE5,TE,CLE,5261.69,22.2,No,TE5,5982.19,,0
Fernando Mendoza,QB17,QB,LVR,5255,23.0,Yes,QB16,4424,,0
Kenyon Sadiq,TE6,TE,NYJ,5251.74,21.6,Yes,TE7,5861.14,,0
Kyren Williams,RB13,RB,LAR,5224,26.1,No,RB13,5964,,0
Christian Watson,WR20,WR,GBP,5178,27.4,No,WR21,5838,,0
Tucker Kraft,TE7,TE,GBP,5152.02,25.9,No,TE6,5876.92,,0
Tee Higgins,WR21,WR,CIN,5136,27.7,No,WR20,5909,,0
Derrick Henry,RB14,RB,BAL,5062,32.8,No,RB14,5828,,0
2027 Late 1st,,PI,,5057,,,,5674,,0
Carnell Tate,WR22,WR,TEN,5049,21.7,Yes,WR22,5733,,0
Matthew Golden,WR23,WR,GBP,4959,23.2,No,WR23,5687,,0
Jordan Love,QB18,QB,GBP,4925,27.9,No,QB17,4306,,0
Dalton Kincaid,TE8,TE,BUF,4911.54,27.0,No,TE9,5627.64,,0
Javonte Williams,RB15,RB,DAL,4902,26.4,No,RB15,5736,,0
Sam LaPorta,TE9,TE,DET,4892.27,25.7,No,TE8,5749.17,,0
Quinshon Judkins,RB16,RB,CLE,4883,22.9,No,RB17,5684,,0
Bucky Irving,RB17,RB,TBB,4856,24.1,No,RB16,5689,,0
Saquon Barkley,RB18,RB,PHI,4828,29.6,No,RB18,5582,,0
Jordyn Tyson,WR24,WR,NOS,4812,22.2,Yes,WR24,5616,,0
Cam Skattebo,RB19,RB,NYG,4770,24.7,No,RB20,5479,,0
Denzel Boston,WR25,WR,CLE,4769,22.8,Yes,WR25,5481,,0
Bhayshul Tuten,RB20,RB,JAC,4766,23.6,No,RB19,5499,,0
TreVeyon Henderson,RB21,RB,NEP,4696,24.0,No,RB22,5390,,0
Rashee Rice,WR26,WR,KCC,4691,26.4,No,WR26,5383,,0
D'Andre Swift,RB22,RB,CHI,4649,27.7,No,RB21,5430,,0
Jared Goff,QB19,QB,DET,4627,32.0,No,QB18,4062,,0
2029 Early 1st,,PI,,4607,,,,5190,,0
2028 Mid 1st,,PI,,4604,,,,5215,,0
Jaylen Waddle,WR27,WR,DEN,4600,27.9,No,WR27,5370,,0
Jadarian Price,RB23,RB,SEA,4573,23.0,Yes,RB23,5311,,0
Jalen Coker,WR28,WR,CAR,4562,24.9,No,WR28,5203,,0
A.J. Brown,WR29,WR,NEP,4441,29.3,No,WR29,5111,,0
KC Concepcion,WR30,WR,CLE,4387,22.0,Yes,WR30,5096,,0
Sam Darnold,QB20,QB,SEA,4343,29.3,No,QB24,3694,,0
Isaiah Likely,TE10,TE,NYG,4288.6,26.5,No,TE11,4977.2,,0
Rome Odunze,WR31,WR,CHI,4270,24.3,No,WR31,4932,,0
2028 Late 1st,,PI,,4266,,,,4816,,0
Michael Wilson,WR32,WR,ARI,4254,26.6,No,WR32,4926,,0
C.J. Stroud,QB21,QB,HOU,4248,25.0,No,QB21,3799,,0
George Kittle,TE11,TE,SFO,4221.97,33.0,No,TE10,4990.87,,0
Makai Lemon,WR33,WR,PHI,4146,22.3,Yes,WR34,4832,,0
Jameson Williams,WR34,WR,DET,4136,25.5,No,WR33,4835,,0
2029 Mid 1st,,PI,,4071,,,,4652,,0
Chuba Hubbard,RB24,RB,CAR,3957,27.3,No,RB24,4701,,0
Davante Adams,WR35,WR,LAR,3941,33.8,No,WR35,4605,,0
Josh Downs,WR36,WR,IND,3894,25.2,No,WR36,4557,,0
2027 Early 2nd,,PI,,3889,,,,4545,,0
2029 Late 1st,,PI,,3800,,,,4327,,0
D.J. Moore,WR37,WR,BUF,3780,29.5,No,WR37,4537,,0
Kyle Pitts,TE12,TE,ATL,3714.85,26.0,No,TE12,4609.15,,0
Jordan Addison,WR38,WR,MIN,3713,24.7,No,WR38,4488,,0
Jaylen Warren,RB25,RB,PIT,3664,27.9,No,RB25,4456,,0
Terrance Ferguson,TE13,TE,LAR,3652.58,23.6,No,TE13,4518.28,,0
Baker Mayfield,QB22,QB,TBB,3646,31.5,No,QB22,3764,,0
Matthew Stafford,QB23,QB,LAR,3592,38.6,No,QB20,3838,,0
Jake Ferguson,TE14,TE,DAL,3568.73,27.7,No,TE14,4289.23,,0
Blake Corum,RB26,RB,LAR,3558,25.9,No,RB26,4345,,0
Kyle Monangai,RB27,RB,CHI,3555,24.3,No,RB29,4311,,0
Juwan Johnson,TE15,TE,NOS,3541.13,30.1,No,TE15,4227.53,,0
2027 Mid 2nd,,PI,,3534,,,,4214,,0
De'Zhaun Stribling,WR39,WR,SFO,3532,23.8,Yes,WR39,4312,,0
Michael Penix Jr.,QB24,QB,ATL,3504,26.4,No,QB29,2939,,0
Cam Ward,QB25,QB,TEN,3498,24.4,No,QB23,3742,,0
Daniel Jones,QB26,QB,IND,3495,29.4,No,QB28,3240,,0
Travis Etienne,RB28,RB,NOS,3482,27.7,No,RB27,4340,,0
Ty Simpson,QB27,QB,LAR,3477,23.8,Yes,QB27,3334,,0
Kyler Murray,QB28,QB,MIN,3474,29.2,No,QB25,3513,,0
Alec Pierce,WR40,WR,IND,3455,26.4,No,WR41,4205,,0
Jonah Coleman,RB29,RB,DEN,3422,23.1,Yes,RB30,4220,,0
David Montgomery,RB30,RB,HOU,3401,29.3,No,RB28,4323,,0
Travis Kelce,TE16,TE,KCC,3397.31,37.0,No,TE16,4133.21,,0
Marvin Harrison Jr.,WR41,WR,ARI,3352,24.2,No,WR40,4227,,0
Brian Thomas Jr.,WR42,WR,JAC,3324,24.0,No,WR42,4150,,0
Zach Charbonnet,RB31,RB,SEA,3310,25.7,No,RB31,4159,,0
Omar Cooper Jr.,WR43,WR,NYJ,3291,22.8,Yes,WR43,4114,,0
Oronde Gadsden,TE17,TE,LAC,3280.61,23.3,No,TE17,4019.81,,0
2028 Early 2nd,,PI,,3280,,,,4021,,0
Mike Evans,WR44,WR,SFO,3255,33.1,No,WR48,3993,,0
RJ Harvey,RB32,RB,DEN,3228,25.7,No,RB32,4026,,0
2027 Late 2nd,,PI,,3222,,,,3969,,0
Terry McLaurin,WR45,WR,WAS,3220,31.0,No,WR44,4075,,0
Malik Willis,QB29,QB,MIA,3212,27.4,No,QB26,3339,,0
Brenton Strange,TE18,TE,JAC,3210.01,25.8,No,TE18,3941.51,,0
Antonio Williams,WR46,WR,WAS,3205,22.2,Yes,WR46,4048,,0
Chris Bell,WR47,WR,MIA,3200,22.3,Yes,WR45,4055,,0
DK Metcalf,WR48,WR,PIT,3184,28.8,No,WR47,4020,,0
Kaelon Black,RB33,RB,SFO,3172,25.0,Yes,RB33,3979,,0
Adonai Mitchell,WR49,WR,NYJ,3147,24.0,No,WR52,3853,,0
Eli Stowers,TE19,TE,PHI,3144.39,23.5,Yes,TE20,3741.69,,0
Jacory Croskey-Merritt,RB34,RB,WAS,3141,25.5,No,RB35,3937,,0
Xavier Worthy,WR50,WR,KCC,3140,23.4,No,WR51,3856,,0
Emmett Johnson,RB35,RB,KCC,3137,23.0,Yes,RB34,3938,,0
2028 Mid 2nd,,PI,,3123,,,,3810,,0
Braelon Allen,RB36,RB,NYJ,3122.99,22.7,No,RB36,3787,,0
Caleb Douglas,WR51,WR,MIA,3122,23.1,Yes,WR49,3922,,0
Ja'Kobi Lane,WR52,WR,BAL,3101,22.2,Yes,WR50,3875,,0
Dallas Goedert,TE20,TE,PHI,3097.99,31.8,No,TE19,3765.69,,0
Dontayvion Wicks,WR53,WR,PHI,3089,25.3,No,WR53,3741.99,,0
AJ Barner,TE21,TE,SEA,3032.89,24.4,No,TE22,3611.49,,0
Jayden Higgins,WR54,WR,HOU,3027,23.8,No,WR55,3708,,0
Dalton Schultz,TE22,TE,HOU,3026.19,30.2,No,TE21,3643.29,,0
Pat Bryant,WR55,WR,DEN,3022,23.8,No,WR57,3652,,0
Mike Washington Jr.,RB37,RB,LVR,3018,23.2,Yes,RB39,3748,,0
Rhamondre Stevenson,RB38,RB,NEP,3011,28.6,No,RB38,3782,,0
2029 Early 2nd,,PI,,3010.99,,,,3598,,0
Ollie Gordon II,RB39,RB,MIA,2994,22.7,No,RB40,3642,,0
Mark Andrews,TE23,TE,BAL,2981.99,31.1,No,TE23,3613.39,,0
Michael Mayer,TE24,TE,LVR,2980.32,25.2,No,TE25,3468.72,,0
2028 Late 2nd,,PI,,2972,,,,3484,,0
Malachi Fields,WR56,WR,NYG,2970,23.1,Yes,WR54,3718,,0
Josh Jacobs,RB40,RB,GBP,2966,28.6,No,RB37,3784,,0
Wan'Dale Robinson,WR57,WR,TEN,2941,25.8,No,WR56,3700,,0
T.J. Hockenson,TE25,TE,MIN,2918.04,29.2,No,TE24,3498.84,,0
Pat Freiermuth,TE26,TE,PIT,2901.39,27.9,No,TE27,3322.69,,0
Woody Marks,RB41,RB,HOU,2889,25.8,No,RB41,3606,,0
Eli Raridon,TE27,TE,NEP,2883.17,22.6,Yes,TE26,3418.87,,0
Jakobi Meyers,WR58,WR,JAC,2854,29.9,No,WR62,3504,,0
Khalil Shakir,WR59,WR,BUF,2842,26.7,No,WR59,3546,,0
Deebo Samuel,WR60,WR,SFO,2826,30.7,No,WR64,3467,,0
2029 Mid 2nd,,PI,,2823,,,,3340,,0
Stefon Diggs,WR61,WR,WAS,2819,32.8,No,WR60,3526,,0
Tre Tucker,WR62,WR,LVR,2816,25.6,No,WR61,3508,,0
Ted Hurst,WR63,WR,TBB,2814,22.3,Yes,WR65,3452,,0
Quentin Johnston,WR64,WR,LAC,2790,25.1,No,WR58,3550,,0
J.K. Dobbins,RB42,RB,DEN,2784,27.8,No,RB42,3524,,0
Malik Washington,WR65,WR,MIA,2776,25.8,No,WR67,3399,,0
Jordan Mason,RB43,RB,MIN,2774,27.4,No,RB43,3464,,0
Devaughn Vele,WR66,WR,NOS,2767,28.8,No,WR70,3304,,0
Jayden Reed,WR67,WR,GBP,2756,26.4,No,WR63,3483.99,,0
Germie Bernard,WR68,WR,PIT,2727,22.8,Yes,WR66,3419,,0
Keaton Mitchell,RB44,RB,LAC,2724,24.7,No,RB48,3296,,0
Jonathon Brooks,RB45,RB,CAR,2719,23.2,No,RB44,3422,,0
Tre Harris,WR69,WR,LAC,2702,24.6,No,WR71,3287,,0
Romeo Doubs,WR70,WR,NEP,2692,26.5,No,WR68,3382,,0
2027 Early 3rd,,PI,,2687,,,,3103,,0
Tony Pollard,RB46,RB,TEN,2685,29.4,No,RB46,3318,,0
2029 Late 2nd,,PI,,2682,,,,3015,,0
Aaron Jones,RB47,RB,MIN,2656,31.8,No,RB49,3277,,0
Jacoby Brissett,QB30,QB,ARI,2649,33.8,No,QB31,2251,,0
Michael Pittman,WR71,WR,PIT,2642,29.0,No,WR69,3346,,0
Rico Dowdle,RB48,RB,PIT,2633,28.3,No,RB45,3338,,0
Kirk Cousins,QB31,QB,LVR,2632,38.1,No,QB39,1766,,0
Keon Coleman,WR72,WR,BUF,2623,23.4,No,WR74,3198,,0
Deshaun Watson,QB32,QB,CLE,2620,31.0,No,QB50,1123,,0
Courtland Sutton,WR73,WR,DEN,2615,31.0,No,WR73,3255,,0
Tank Bigsby,RB49,RB,PHI,2613,25.1,No,RB50,3251,,0
Ricky Pearsall,WR74,WR,SFO,2608,26.1,No,WR75,3148,,0
Roman Wilson,WR75,WR,PIT,2607,25.3,No,WR84,2851,,0
Tyler Allgeier,RB50,RB,ARI,2591,26.5,No,RB47,3305,,0
Jaylen Wright,RB51,RB,MIA,2587,23.5,No,RB57,2969,,0
Chris Godwin,WR76,WR,TBB,2585,30.6,No,WR72,3259,,0
Nicholas Singleton,RB53,RB,TEN,2575,22.7,Yes,RB51,3221,,0
Rachaad White,RB52,RB,WAS,2574.99,27.7,No,RB52,3161,,0
Hunter Henry,TE28,TE,NEP,2570.32,31.8,No,TE30,3066.42,,0
Gunnar Helm,TE29,TE,TEN,2551.53,24.1,No,TE29,3162.03,,0
Chigoziem Okonkwo,TE30,TE,WAS,2550.95,27.1,No,TE28,3191.15,,0
Brian Robinson,RB54,RB,ATL,2541,27.5,No,RB54,3011,,0
2027 Mid 3rd,,PI,,2540,,,,2926,,0
Geno Smith,QB33,QB,NYJ,2532,36.0,No,QB37,1785,,0
Carson Beck,QB34,QB,ARI,2531,24.9,Yes,QB35,1924,,0
Rashod Bateman,WR77,WR,BAL,2505,26.8,No,WR85,2838,,0
2028 Early 3rd,,PI,,2498,,,,2856,,0
2027 Late 3rd,,PI,,2497.99,,,,2800,,0
Kayshon Boutte,WR78,WR,HOU,2497,24.4,No,WR77,3105,,0
Cade Otton,TE31,TE,TBB,2496.75,27.5,No,TE32,3046.75,,0
Kenneth Gainwell,RB55,RB,TBB,2494,27.6,No,RB53,3111,,0
Zachariah Branch,WR79,WR,ATL,2481,22.5,Yes,WR76,3113,,0
Dylan Sampson,RB56,RB,CLE,2477,22.0,No,RB56,2980,,0
Darnell Washington,TE32,TE,PIT,2470.78,25.1,No,TE34,2939.38,,0
Jalen McMillan,WR80,WR,TBB,2461,24.8,No,WR79,3017,,0
Isaac TeSlaa,WR81,WR,DET,2460,24.6,No,WR82,2900,,0
Jaylin Noel,WR82,WR,HOU,2455,24.1,No,WR80,2951,,0
Rashid Shaheed,WR83,WR,SEA,2448,28.1,No,WR81,2925,,0
Mason Taylor,TE33,TE,NYJ,2434.91,22.4,No,TE31,3070.71,,0
Elijah Arroyo,TE34,TE,SEA,2424.96,23.5,No,TE33,3023.36,,0
Tyjae Spears,RB57,RB,TEN,2408,25.3,No,RB55,2988,,0
Max Klare,TE35,TE,LAR,2407.31,23.2,Yes,TE35,2904.51,,0
Kendre Miller,RB58,RB,NOS,2402,24.3,No,RB62,2743,,0
Drew Allar,QB35,QB,PIT,2401,22.6,Yes,QB81,295,,0
Mac Jones,QB36,QB,SFO,2396,28.1,No,QB36,1904,,0
Cole Kmet,TE36,TE,CHI,2376.36,27.6,No,TE36,2874.66,,0
2028 Mid 3rd,,PI,,2366,,,,2717,,0
J.J. McCarthy,QB37,QB,NYG,2353,23.7,No,QB34,1947,,0
Colby Parkinson,TE37,TE,LAR,2352.06,27.7,No,TE38,2819.56,,0
Greg Dulcich,TE38,TE,MIA,2336.61,26.5,No,TE39,2819.51,,0
Shedeur Sanders,QB38,QB,CLE,2322,24.6,No,QB30,2316,,0
Mike Gesicki,TE39,TE,CIN,2309.53,31.0,No,TE42,2654.93,,0
Darren Waller,TE40,TE,CAR,2301.21,34.1,No,TE43,2647.71,,0
Evan Engram,TE41,TE,DEN,2298.44,32.1,No,TE40,2727.44,,0
Cyrus Allen,WR84,WR,KCC,2278,23.6,Yes,WR78,3086,,0
Oscar Delp,TE42,TE,NOS,2273.56,23.2,Yes,TE37,2847.76,,0
Dawson Knox,TE43,TE,BUF,2258.64,29.9,No,TE44,2598.54,,0
Chris Rodriguez,RB59,RB,JAC,2256,26.0,No,RB59,2903,,0
Jack Bech,WR85,WR,LVR,2231,23.8,No,WR86,2811,,0
Jalon Daniels,QB39,QB,TBB,2210,23.9,Yes,QB32,2245,,0
Elic Ayomanor,WR86,WR,TEN,2203,23.3,No,WR91,2705,,0
Tory Horton,WR87,WR,SEA,2182,23.8,No,WR83,2863,,0
Travis Hunter,WR88,WR,JAC,2176,23.4,No,WR87,2792,,0
Kaleb Johnson,RB60,RB,GBP,2169,23.1,No,RB61,2835,,0
Troy Franklin,WR89,WR,DEN,2166,23.7,No,WR89,2771,,0
2028 Late 3rd,,PI,,2157,,,,2493,,0
Elijah Sarratt,WR90,WR,BAL,2153,23.4,Yes,WR88,2777,,0
2029 Early 3rd,,PI,,2152.99,,,,2516,,0
Tank Dell,WR91,WR,HOU,2151,26.9,No,WR90,2748,,0
Kaytron Allen,RB61,RB,WAS,2150,23.7,Yes,RB60,2859,,0
Xavier Hutchinson,WR92,WR,HOU,2149.99,26.3,No,WR97,2602,,0
Marcus Mariota,QB40,QB,WAS,2142,32.9,No,QB47,1336,,0
MarShawn Lloyd,RB62,RB,GBP,2141,25.8,No,RB58,2933,,0
Drew Lock,QB41,QB,SEA,2139,29.9,No,QB56,918,,0
Theo Johnson,TE44,TE,NYG,2126.77,25.6,No,TE41,2684.47,,0
Demond Claiborne,RB63,RB,MIN,2125,23.0,Yes,RB63,2716.99,,0
David Njoku,TE45,TE,LAC,2118.44,30.2,No,TE45,2590.34,,0
Alvin Kamara,RB64,RB,NOS,2114,31.2,No,RB64,2582,,0
Chris Brazzell II,WR93,WR,CAR,2102,23.0,Yes,WR92,2659,,0
Ryan Flournoy,WR94,WR,DAL,2089,26.9,No,WR95,2607,,0
Kevin Coleman,WR95,WR,MIA,2082,23.1,Yes,WR99,2600,,0
Jalen Nailor,WR96,WR,LVR,2080,27.6,No,WR98,2599.99,,0
2029 Mid 3rd,,PI,,2073,,,,2389,,0
Skyler Bell,WR97,WR,BUF,2063,24.2,Yes,WR96,2606.99,,0
Kyle Williams,WR98,WR,NEP,2060,23.9,No,WR94,2613,,0
Demario Douglas,WR99,WR,NEP,2044,25.8,No,WR93,2620,,0
Raheim Sanders,RB65,RB,CLE,2041,24.3,No,RB68,2457,,0
Emanuel Wilson,RB66,RB,SEA,2026,27.4,No,RB70,2399,,0
Aaron Rodgers,QB42,QB,PIT,2010,42.8,No,QB44,1501,,0
Zavion Thomas,WR100,WR,CHI,1997,22.6,Yes,WR100,2500,,0
Jaylin Lane,WR101,WR,WAS,1990,24.4,No,WR105,2398,,0
Jalen Milroe,QB43,QB,SEA,1989,23.8,No,QB33,1991,,0
Kimani Vidal,RB67,RB,LAC,1985,25.1,No,RB65,2518,,0
Tyson Bagent,QB44,QB,CHI,1984.99,26.3,No,QB51,1067,,0
2027 Early 4th,,PI,,1984,,,,2297,,0
Tyquan Thornton,WR102,WR,KCC,1973,26.2,No,WR107,2386,,0
Tez Johnson,WR103,WR,TBB,1957,24.4,No,WR101,2476,,0
Jake Tonges,TE46,TE,SFO,1956.82,27.2,No,TE46,2366.02,,0
Noah Fant,TE47,TE,NOS,1944.67,28.9,No,TE47,2264.77,,0
Cade Klubnik,QB45,QB,NYJ,1941,23.0,Yes,QB42,1574,,0
2029 Late 3rd,,PI,,1938,,,,2255,,0
Chimere Dike,WR104,WR,TEN,1935,24.8,No,WR103,2425,,0
Bryce Lance,WR105,WR,NOS,1923,24.1,Yes,WR102,2475.99,,0
Jerry Jeudy,WR106,WR,CLE,1911,27.4,No,WR104,2419,,0
Adam Randall,RB68,RB,BAL,1910,22.2,Yes,RB69,2424,,0
George Holani,RB69,RB,SEA,1905,26.8,No,RB73,2382,,0
Isaiah Davis,RB70,RB,NYJ,1897,24.6,No,RB71,2398.99,,0
2027 Mid 4th,,PI,,1896,,,,2210,,0
Sean Tucker,RB71,RB,TBB,1890,24.9,No,RB66,2484,,0
Seth McGowan,RB72,RB,IND,1875,25.0,Yes,RB72,2393,,0
Jauan Jennings,WR107,WR,MIN,1874.99,29.2,No,WR106,2391,,0
Ja'Tavion Sanders,TE48,TE,CAR,1864.7,23.5,No,TE48,2243.1,,0
Noah Gray,TE49,TE,KCC,1849.25,27.4,No,TE49,2201.25,,0
Jordan James,RB73,RB,SFO,1849,22.5,No,RB67,2463,,0
Marvin Mims,WR108,WR,DEN,1841,24.6,No,WR108,2285,,0
Joshua Palmer,WR109,WR,BUF,1838,27.0,No,WR111,2226,,0
Jalen Royals,WR110,WR,KCC,1828,23.6,No,WR109,2253,,0
2027 Late 4th,,PI,,1826,,,,2034,,0
Xavier Legette,WR111,WR,CAR,1824,25.7,No,WR113,2214,,0
Ray Davis,RB74,RB,BUF,1823,26.9,No,RB74,2341,,0
2028 Early 4th,,PI,,1822.99,,,,2099,,0
Trevor Etienne,RB75,RB,CAR,1806,22.2,No,RB75,2321,,0
Anthony Richardson,QB46,QB,IND,1798,24.4,No,QB38,1783,,0
Tyler Higbee,TE50,TE,LAR,1796.87,33.8,No,TE53,2092.77,,0
Jameis Winston,QB47,QB,NYG,1790,32.7,No,QB45,1451,,0
Matthew Hibner,TE51,TE,BAL,1786.4,24.6,Yes,TE54,2015.2,,0
Justin Joly,TE52,TE,MIA,1781.95,22.2,Yes,TE52,2104.25,,0
LeQuint Allen,RB76,RB,JAC,1781,22.2,No,RB76,2240,,0
Luke Musgrave,TE53,TE,GBP,1764.3,26.1,No,TE51,2131.7,,0
Ben Sinnott,TE54,TE,WAS,1763.73,24.3,No,TE50,2197.13,,0
Tua Tagovailoa,QB48,QB,ATL,1758,28.6,No,QB40,1762,,0
Cooper Kupp,WR112,WR,SEA,1749,33.3,No,WR115,2075,,0
Will Shipley,RB77,RB,PHI,1745,24.1,No,RB78,2157,,0
Kalif Raymond,WR113,WR,CHI,1740,32.2,No,WR120,1972,,0
Isaiah Bond,WR115,WR,CLE,1737,22.6,No,WR110,2239,,0
Keenan Allen,WR114,WR,IND,1736.99,34.4,No,WR112,2223,,0
Mack Hollins,WR116,WR,NEP,1701,33.0,No,WR123,1910,,0
Konata Mumpfield,WR117,WR,LAR,1700,24.0,No,WR116,2056,,0
Charlie Kolar,TE55,TE,LAC,1699.68,27.6,No,TE55,1975.78,,0
Tyrone Tracy,RB78,RB,NYG,1681,26.9,No,RB77,2193,,0
Will Howard,QB49,QB,PIT,1675,25.0,No,QB43,1530,,0
Brashard Smith,RB79,RB,KCC,1670,23.5,No,RB80,2091,,0
Carson Wentz,QB50,QB,MIN,1659,33.8,No,QB53,1002,,0
Isiah Pacheco,RB80,RB,DET,1656,27.6,No,RB81,2054,,0
Erick All,TE56,TE,CIN,1645.48,26.1,No,TE56,1949.08,,0
Darnell Mooney,WR118,WR,NYG,1645,28.9,No,WR117,2033.99,,0
Marlin Klein,TE57,TE,HOU,1642.71,24.0,Yes,TE57,1917.71,,0
Eli Heidenreich,RB81,RB,PIT,1641,23.3,Yes,RB84,2012,,0
DJ Giddens,RB82,RB,IND,1638,23.1,No,RB79,2124,,0
Barion Brown,WR120,WR,NOS,1634,22.8,Yes,WR118,2033,,0
Brenen Thompson,WR119,WR,LAC,1633.99,23.2,Yes,WR121,1963,,0
Zach Ertz,TE58,TE,PHI,1631.66,35.9,No,TE58,1916.56,,0
Dont'e Thornton,WR121,WR,LVR,1629,23.8,No,WR114,2100,,0
2028 Mid 4th,,PI,,1623,,,,1942,,0
Tommy Tremble,TE59,TE,CAR,1616.21,26.3,No,TE59,1915.41,,0
Kendrick Bourne,WR122,WR,ARI,1603,31.2,No,WR124,1888,,0
2029 Early 4th,,PI,,1596,,,,1828,,0
Justice Hill,RB83,RB,BAL,1595,28.9,No,RB83,2014,,0
Chris Brooks,RB84,RB,GBP,1583,26.7,No,RB82,2048,,0
Jack Endries,TE60,TE,CIN,1582.38,22.5,Yes,TE62,1752.88,,0
Trey Benson,RB85,RB,ARI,1562,24.2,No,RB85,1978,,0
Daniel Bellinger,TE61,TE,TEN,1556.46,26.0,No,TE61,1799.56,,0
Cade Stover,TE62,TE,HOU,1554.78,26.3,No,TE60,1801.18,,0
Malik Benson,WR123,WR,LVR,1552,24.0,Yes,WR119,1982,,0
Jahan Dotson,WR124,WR,ATL,1544,26.5,No,WR122,1926,,0
Justin Fields,QB51,QB,KCC,1528,27.6,No,QB41,1652,,0
Mitchell Evans,TE63,TE,CAR,1510.59,23.6,No,TE64,1718.49,,0
Taylen Green,QB52,QB,CLE,1508,24.0,Yes,QB100,221,,0
Malik Davis,RB86,RB,DAL,1507,27.8,No,RB87,1861,,0
Sam Roush,TE64,TE,CHI,1504.46,23.1,Yes,TE65,1705.76,,0
Christian Kirk,WR125,WR,SFO,1499,29.9,No,WR125,1880,,0
Devontez Walker,WR126,WR,BAL,1487,25.3,No,WR126,1831,,0
Josh Cameron,WR127,WR,JAC,1486.99,23.6,Yes,WR130,1708,,0
2028 Late 4th,,PI,,1479,,,,1685,,0
Devin Singletary,RB87,RB,NYG,1466,29.1,No,RB89,1760,,0
Najee Harris,RB88,RB,NYG,1453,28.6,No,RB86,1873,,0
Jonnu Smith,TE65,TE,GBP,1447.06,31.1,No,TE63,1727.56,,0
Michael Trigg,TE66,TE,DAL,1439.26,24.3,Yes,TE66,1644.96,,0
Sione Vaki,RB89,RB,DET,1437,25.2,No,RB92,1680,,0
Treylon Burks,WR128,WR,WAS,1430,26.5,No,WR127,1758,,0
2029 Mid 4th,,PI,,1407,,,,1709,,0
Joe Milton,QB53,QB,DAL,1404,26.6,No,QB46,1375,,0
Tanner Koziol,TE67,TE,JAC,1384.12,23.7,Yes,TE68,1519.42,,0
Roschon Johnson,RB90,RB,CHI,1383,25.7,No,RB88,1832,,0
Jahdae Walker,WR129,WR,CHI,1379,24.2,No,WR138,1587,,0
Andrei Iosivas,WR130,WR,CIN,1374,27.0,No,WR128,1742,,0
Savion Williams,WR131,WR,GBP,1370,24.9,No,WR129,1737,,0
Will Kacmarek,TE68,TE,MIA,1364.17,23.6,Yes,TE70,1481.87,,0
Garrett Nussmeier,QB54,QB,KCC,1363,24.7,Yes,QB49,1262,,0
Jordan Whittington,WR132,WR,LAR,1344,26.0,No,WR134,1661,,0
Deion Burks,WR133,WR,IND,1343,23.7,Yes,WR131,1692,,0
John Metchie,WR134,WR,CAR,1330,26.2,No,WR136,1626,,0
Emari Demercado,RB91,RB,DAL,1326,27.7,No,RB94,1606,,0
Jordan Watkins,WR135,WR,SFO,1323,24.6,No,WR137,1593,,0
Jalen Tolbert,WR136,WR,MIA,1308,27.6,No,WR135,1655,,0
Quinn Ewers,QB55,QB,JAC,1307,23.4,No,QB48,1305,,0
Tahj Brooks,RB92,RB,CIN,1305,24.4,No,RB91,1750,,0
Tutu Atwell,WR137,WR,LAR,1300,27.0,No,WR132,1667,,0
Colbie Young,WR138,WR,CIN,1295,24.2,Yes,WR142,1517,,0
Jarquez Hunter,RB93,RB,MIA,1294,23.8,No,RB90,1751,,0
Elijah Higgins,TE69,TE,ARI,1290.94,25.9,No,TE67,1594.54,,0
Luke McCaffrey,WR139,WR,WAS,1290,25.5,No,WR133,1664,,0
Ty Johnson,RB94,RB,BUF,1287,29.0,No,RB95,1552,,0
Riley Leonard,QB56,QB,IND,1283,24.1,No,QB52,1033,,0
Jack Strand,QB57,QB,ATL,1282,22.3,Yes,QB78,358,,0
Davis Allen,TE70,TE,LAR,1267.74,25.7,No,TE69,1499.84,,0
Luke Schoonmaker,TE71,TE,DAL,1261.09,28.0,No,TE71,1433.79,,0
Jaydon Blue,RB95,RB,PHI,1261,22.7,No,RB93,1647,,0
2029 Late 4th,,PI,,1249,,,,1522,,0
Kameron Johnson,WR140,WR,TBB,1237,24.6,No,WR148,1483,,0
Jacob Saylors,RB96,RB,DET,1236,25.6,No,RB99,1424,,0
Olamide Zaccheaus,WR141,WR,ATL,1228,29.2,No,WR141,1520,,0
Cedric Tillman,WR142,WR,NOS,1227,26.5,No,WR145,1487,,0
Dyami Brown,WR143,WR,WAS,1218,26.9,No,WR139,1544,,0
Trey Palmer,WR144,WR,NOS,1217.99,25.5,No,WR146,1486.99,,0
Skyy Moore,WR145,WR,GBP,1214,26.1,No,WR152,1377,,0
Tai Felton,WR146,WR,MIN,1213,23.6,No,WR144,1498,,0
Jacob Cowing,WR147,WR,SFO,1211,25.7,No,WR147,1482.99,,0
Samaje Perine,RB97,RB,CIN,1205,31.0,No,RB97,1464,,0
James Conner,RB98,RB,ARI,1196,31.4,No,RB96,1542,,0
KeAndre Lambert-Smith,WR148,WR,LAC,1185,25.0,No,WR140,1537,,0
Brevin Jordan,TE72,TE,HOU,1161.27,26.2,No,TE72,1357.07,,0
Calvin Ridley,WR149,WR,TEN,1161,31.8,No,WR143,1508,,0
J'Mari Taylor,RB99,RB,JAC,1151,24.7,Yes,RB101,1402,,0
Spencer Rattler,QB58,QB,NOS,1147,26.0,No,QB54,973,,0
Malachi Corley,WR150,WR,CLE,1146,24.5,No,WR149,1450,,0
Jaleel McLaughlin,RB100,RB,CLE,1144,26.1,No,RB102,1389,,0
Dillon Gabriel,QB59,QB,CLE,1142,25.8,No,QB55,954,,0
Jared Wiley,TE73,TE,KCC,1140.12,25.9,No,TE73,1260.02,,0
Brock Wright,TE74,TE,DET,1138.97,27.8,No,TE74,1234.67,,0
CJ Daniels,WR151,WR,LAR,1135,24.8,Yes,WR151,1390,,0
Isaac Guerendo,RB101,RB,SFO,1130,26.3,No,RB103,1378,,0
Rasheen Ali,RB102,RB,BAL,1126,25.6,No,RB104,1359,,0
Tyler Huntley,QB60,QB,BAL,1120,28.7,No,QB57,583,,0
Audric Estime,RB103,RB,MIN,1117,23.1,No,RB98,1432,,0
Jimmy Horn,WR152,WR,CLE,1114,24.1,No,WR150,1422,,0
Greg Dortch,WR153,WR,BUF,1087,28.4,No,WR156,1315,,0
Marquise Brown,WR154,WR,PHI,1084,29.3,No,WR155,1329,,0
Tyreek Hill,WR155,WR,FA,1083,32.6,No,WR153,1364,,0
Devin Neal,RB104,RB,MIN,1073,23.2,No,RB100,1408,,0
Davis Mills,QB61,QB,HOU,1070,28.0,No,QB79,307,,0
Demarcus Robinson,WR156,WR,SFO,1067,32.0,No,WR158,1248,,0
Jonathan Mingo,WR157,WR,DAL,1062,25.5,No,WR154,1360,,0
Calvin Austin III,WR158,WR,NYG,1055,27.5,No,WR160,1243,,0
Cody White,WR159,WR,LVR,1053,27.8,No,WR163,1192,,0
Tyler Badie,RB105,RB,DEN,1049,26.6,No,RB105,1232,,0
Elijah Moore,WR160,WR,PHI,1018,26.5,No,WR157,1252,,0
Tyler Goodson,RB106,RB,DAL,1016,25.9,No,RB106,1153,,0
KaVontae Turpin,WR161,WR,DAL,1003,30.2,No,WR159,1245,,0
Darius Slayton,WR162,WR,IND,1001,29.7,No,WR164,1160,,0
Jalin Hyatt,WR163,WR,NYG,1000,25.0,No,WR161,1228,,0
Jeremy Ruckert,TE75,TE,NYJ,999.65,26.2,No,TE75,1151.45,,0
Austin Ekeler,RB107,RB,WAS,992,31.4,No,RB107,1145,,0
Efton Chism,WR164,WR,NEP,988,24.9,No,WR162,1194,,0
Foster Moreau,TE76,TE,HOU,959.47,29.4,No,TE76,1090.37,,0
AJ Dillon,RB108,RB,CAR,942,28.4,No,RB112,1032,,0
Javon Baker,WR165,WR,SFO,927,24.6,No,WR167,1096,,0
Xavier Restrepo,WR166,WR,TEN,909,24.5,No,WR165,1122.99,,0
David Bell,WR167,WR,CLE,903,25.8,No,WR166,1105,,0
Kalel Mullings,RB109,RB,TEN,901,24.0,No,RB111,1042,,0
Gabriel Davis,WR168,WR,BUF,895,27.5,No,WR168,1092,,0
Tanner McKee,QB62,QB,PHI,879,26.4,No,QB67,478,,0
Frank Gore Jr.,RB110,RB,BUF,849,24.6,No,RB108,1068,,0
Bam Knight,RB111,RB,ARI,835,25.5,No,RB110,1048,,0
Stetson Bennett,QB63,QB,LAR,820,28.9,No,QB86,263,,0
Jerome Ford,RB112,RB,MIN,818,27.1,No,RB109,1059,,0
Austin Hooper,TE77,TE,ATL,816.55,31.9,No,TE81,913.35,,0
Case Keenum,QB64,QB,CHI,815,38.6,No,QB98,243,,0
Josh Oliver,TE78,TE,MIN,811.48,29.5,No,TE78,948.98,,0
Trey Lance,QB65,QB,LAC,807,26.4,No,QB61,551,,0
Kendall Milton,RB113,RB,CIN,802,24.6,No,RB115,955,,0
Bo Melton,WR169,WR,GBP,801,27.4,No,WR171,966,,0
Mason Tipton,WR170,WR,NOS,795,26.0,No,WR172,953,,0
Sam Howell,QB66,QB,DAL,789,26.0,No,QB58,556,,0
Le'Veon Moss,RB114,RB,MIA,788,23.9,Yes,RB118,919,,0
Gardner Minshew,QB67,QB,ARI,786,30.4,No,QB69,411,,0
Israel Abanikanda,RB115,RB,DAL,785,24.0,No,RB114,967,,0
Phil Mafah,RB117,RB,NYG,784,24.0,No,RB113,972,,0
Dameon Pierce,RB116,RB,PHI,783.99,26.6,No,RB116,950,,0
Khalil Herbert,RB118,RB,ATL,782,28.4,No,RB119,849,,0
Arian Smith,WR171,WR,NYJ,777,25.0,No,WR169,1011,,0
Kyle McCord,QB68,QB,MIA,771,24.0,No,QB83,286,,0
Xavier Gipson,WR172,WR,PHI,768,25.6,No,WR170,966.99,,0
Nick Westbrook-Ikhine,WR173,WR,IND,765,29.5,No,WR173,921,,0
Michael Carter,RB119,RB,TEN,762,27.4,No,RB117,948,,0
Dohnte Meyers,WR174,WR,CIN,717,26.2,No,WR174,902,,0
Kenny Pickett,QB69,QB,CAR,716,28.3,No,QB65,549,,0
Reggie Virgil,WR175,WR,ARI,702,22.4,Yes,WR175,870,,0
Joe Flacco,QB70,QB,CIN,668,41.7,No,QB60,552,,0
Isaiah Hodgins,WR176,WR,PIT,590,28.0,No,WR178,754,,0
Will Levis,QB71,QB,NYJ,549,27.3,No,QB66,537,,0
Lil'Jordan Humphrey,WR177,WR,DEN,547,28.5,No,WR179,745,,0
Jake Bobo,WR178,WR,SEA,522,28.2,No,WR176,782,,0
Dylan Laube,RB120,RB,LVR,512,26.8,No,RB120,725,,0
Cole Payton,QB72,QB,PHI,511.99,23.9,Yes,QB104,199,,0
LaJohntay Wester,WR179,WR,BAL,503,24.5,No,WR177,774,,0
Tyler Johnson,WR180,WR,NYJ,497,28.1,No,WR184,633,,0
Derius Davis,WR181,WR,LAC,493,26.1,No,WR182,683,,0
Zavier Scott,RB121,RB,CHI,481,27.2,No,RB128,569,,0
Julius Chestnut,RB122,RB,TEN,480,25.9,No,RB122,670,,0
Travis Homer,RB123,RB,PIT,475,28.2,No,RB125,607,,0
Brandin Cooks,WR182,WR,SFO,473,33.0,No,WR185,593,,0
Johnny Wilson,WR183,WR,PHI,470,25.5,No,WR180,737,,0
Luke Altmyer,QB73,QB,DET,469,24.0,Yes,QB62,550.99,,0
Sincere McCormick,RB124,RB,SFO,468,26.1,No,RB126,592.99,,0
Tyler Scott,WR184,WR,LVR,466,25.0,No,WR190,550.98,,0
Tyrell Shavers,WR185,WR,BUF,463,27.1,No,WR181,730,,0
Zamir White,RB125,RB,NOS,460,27.0,No,RB124,625,,0
Jam Miller,RB126,RB,FA,455,22.4,Yes,RB133,558,,0
Jamari Thrash,WR186,WR,FA,454.99,25.8,No,WR192,550,,0
Terion Stewart,RB127,RB,FA,454.98,24.8,Yes,RB147,543,,0
