"Last updated: October 09, 2026 12:52 PM UTC"
Updated 10/09/26 at 12:52pm,Position Rank,Position,Team,Value,Age,Rookie,SFPosition Rank,SFValue,RdrftPosition Rank,RdrftValue
Bijan Robinson,RB1,RB,ATL,9997,24.7,No,RB1,9999,,0
Jaxon Smith-Njigba,WR1,WR,SEA,9994,24.6,No,WR1,9990,,0
Jahmyr Gibbs,RB2,RB,DET,9991,24.6,No,RB2,9988,,0
Ja'Marr Chase,WR2,WR,CIN,8944,26.6,No,WR2,8855,,0
Brock Bowers,TE1,TE,LVR,8187,23.8,No,TE1,8199,,0
Amon-Ra St. Brown,WR3,WR,DET,7908,27.0,No,WR4,7791,,0
Puka Nacua,WR4,WR,LAR,7836,25.4,No,WR3,7826,,0
Josh Allen,QB1,QB,BUF,7797,30.4,No,QB1,9995,,0
Kenneth Walker III,RB3,RB,KCC,7699,26.0,No,RB3,7501,,0
CeeDee Lamb,WR5,WR,DAL,7538,27.5,No,WR5,7550,,0
Trey McBride,TE2,TE,ARI,7480,26.9,No,TE2,7395,,0
Ashton Jeanty,RB4,RB,LVR,7476,22.8,No,RB4,7331,,0
Jeremiyah Love,RB5,RB,ARI,7260,21.4,Yes,RB5,7077,,0
2027 Early 1st,,PI,,7179,,,,7024,,0
Justin Jefferson,WR6,WR,MIN,7084,27.3,No,WR6,7071,,0
Drake London,WR7,WR,ATL,7076,25.2,No,WR7,6904,,0
Jonathan Taylor,RB6,RB,IND,7036,27.7,No,RB6,6784,,0
Malik Nabers,WR8,WR,NYG,6973,23.2,No,WR8,6865,,0
Chris Olave,WR9,WR,NOS,6969,26.3,No,WR9,6684,,0
Tetairoa McMillan,WR10,WR,CAR,6867,23.5,No,WR10,6653,,0
James Cook,RB7,RB,BUF,6842,27.0,No,RB7,6469,,0
Zay Flowers,WR11,WR,BAL,6617,26.1,No,WR11,6394,,0
Nico Collins,WR12,WR,HOU,6392,27.6,No,WR12,6088,,0
Garrett Wilson,WR13,WR,NYJ,6339,26.2,No,WR13,6017,,0
Lamar Jackson,QB2,QB,BAL,6325,29.8,No,QB3,7357,,0
George Pickens,WR14,WR,DAL,6222,25.6,No,WR14,5862,,0
Kyren Williams,RB8,RB,LAR,6197,26.1,No,RB10,5559,,0
Chase Brown,RB9,RB,CIN,6185,26.6,No,RB8,5675,,0
Parker Washington,WR15,WR,JAC,6169,24.6,No,WR15,5789,,0
2027 Mid 1st,,PI,,6144,,,,5847,,0
Breece Hall,RB10,RB,NYJ,6106,25.4,No,RB12,5405,,0
De'Von Achane,RB11,RB,MIA,6099,25.0,No,RB9,5577,,0
Tyler Warren,TE3,TE,IND,6096,24.4,No,TE3,5708,,0
Caleb Williams,QB3,QB,CHI,6088,24.9,No,QB2,7576,,0
Christian McCaffrey,RB12,RB,SFO,6085,30.3,No,RB11,5535,,0
Carnell Tate,WR16,WR,TEN,6068,21.7,Yes,WR16,5462,,0
Luther Burden,WR17,WR,CHI,6029,22.8,No,WR18,5386,,0
Omarion Hampton,RB13,RB,LAC,6006,23.6,No,RB13,5380,,0
2028 Early 1st,,PI,,5976,,,,5476,,0
Javonte Williams,RB14,RB,DAL,5965,26.4,No,RB14,5137,,0
Tee Higgins,WR18,WR,CIN,5936,27.7,No,WR19,5213,,0
DeVonta Smith,WR19,WR,PHI,5914,27.9,No,WR17,5461,,0
Quinshon Judkins,RB15,RB,CLE,5830,22.9,No,RB15,5061,,0
Colston Loveland,TE4,TE,CHI,5820,22.5,No,TE4,5273,,0
Derrick Henry,RB16,RB,BAL,5819,32.8,No,RB16,5052,,0
Emeka Egbuka,WR20,WR,TBB,5792,24.0,No,WR20,5188,,0
Matthew Golden,WR21,WR,GBP,5783,23.2,No,WR21,5060,,0
Christian Watson,WR22,WR,GBP,5762,27.4,No,WR22,5043,,0
Joe Burrow,QB4,QB,CIN,5754,29.8,No,QB5,6802,,0
Ladd McConkey,WR23,WR,LAC,5737,24.9,No,WR23,5029,,0
Bhayshul Tuten,RB17,RB,JAC,5698,23.6,No,RB17,4909,,0
2027 Late 1st,,PI,,5676,,,,5062,,0
Drake Maye,QB5,QB,NEP,5610,24.1,No,QB7,6676,,0
Jordyn Tyson,WR24,WR,NOS,5608,22.2,Yes,WR25,4840,,0
Denzel Boston,WR25,WR,CLE,5606,22.8,Yes,WR24,4907,,0
Bucky Irving,RB18,RB,TBB,5537,24.1,No,RB18,4780,,0
Cam Skattebo,RB19,RB,NYG,5418,24.7,No,RB19,4598,,0
Harold Fannin,TE5,TE,CLE,5385,22.2,No,TE5,4820,,0
Brock Purdy,QB6,QB,SFO,5369,26.8,No,QB4,6976,,0
D'Andre Swift,RB20,RB,CHI,5368,27.7,No,RB20,4504,,0
Jayden Daniels,QB7,QB,WAS,5364,25.8,No,QB9,5947,,0
Jalen Coker,WR26,WR,CAR,5308,24.9,No,WR26,4640,,0
Michael Wilson,WR27,WR,ARI,5294,26.6,No,WR27,4630,,0
Trevor Lawrence,QB8,QB,JAC,5287,27.0,No,QB6,6697,,0
Tucker Kraft,TE6,TE,GBP,5283,25.9,No,TE7,4597,,0
Patrick Mahomes,QB9,QB,KCC,5273,31.1,No,QB8,6507,,0
2028 Mid 1st,,PI,,5262,,,,4649,,0
Jaylen Waddle,WR28,WR,DEN,5254,27.9,No,WR30,4498,,0
TreVeyon Henderson,RB21,RB,NEP,5252,24.0,No,RB21,4497,,0
KC Concepcion,WR29,WR,CLE,5241,22.0,Yes,WR28,4577,,0
2029 Early 1st,,PI,,5229,,,,4614,,0
Kenyon Sadiq,TE7,TE,NYJ,5201,21.6,Yes,TE6,4643,,0
Rashee Rice,WR30,WR,KCC,5199,26.5,No,WR29,4513,,0
Saquon Barkley,RB22,RB,PHI,5191,29.7,No,RB22,4396,,0
Sam LaPorta,TE8,TE,DET,5152,25.7,No,TE8,4447,,0
A.J. Brown,WR31,WR,NEP,5116,29.3,No,WR31,4379,,0
Jadarian Price,RB23,RB,SEA,5110,23.0,Yes,RB24,4314,,0
Jalen Hurts,QB10,QB,PHI,5082,28.2,No,QB13,5549,,0
Rome Odunze,WR32,WR,CHI,5055,24.4,No,WR32,4370,,0
Chuba Hubbard,RB24,RB,CAR,4999,27.3,No,RB23,4359,,0
Jameson Williams,WR33,WR,DET,4860,25.5,No,WR33,4206,,0
Dalton Kincaid,TE9,TE,BUF,4833,27.0,No,TE9,4139,,0
2028 Late 1st,,PI,,4823,,,,4338,,0
Makai Lemon,WR34,WR,PHI,4804,22.4,Yes,WR34,4072,,0
Tyler Shough,QB11,QB,NOS,4720,27.0,No,QB11,5838,,0
Jaxson Dart,QB12,QB,NYG,4713,23.4,No,QB12,5612,,0
2029 Mid 1st,,PI,,4698,,,,4152,,0
Kyle Monangai,RB25,RB,CHI,4689,24.3,No,RB25,4006,,0
Davante Adams,WR35,WR,LAR,4609,33.8,No,WR35,3898,,0
Dak Prescott,QB13,QB,DAL,4582,33.2,No,QB15,5346,,0
Justin Herbert,QB14,QB,LAC,4571,28.6,No,QB17,5077,,0
Jaylen Warren,RB26,RB,PIT,4559,27.9,No,RB26,3745,,0
2027 Early 2nd,,PI,,4526,,,,3902,,0
Bo Nix,QB15,QB,DEN,4516,26.6,No,QB14,5379.99,,0
George Kittle,TE10,TE,SFO,4505,33.0,No,TE10,3796,,0
Isaiah Likely,TE11,TE,NYG,4484,26.5,No,TE11,3782,,0
D.J. Moore,WR36,WR,BUF,4435,29.5,No,WR37,3605,,0
Jordan Addison,WR37,WR,MIN,4422,24.7,No,WR38,3572,,0
Josh Downs,WR38,WR,IND,4412,25.2,No,WR36,3634,,0
Fernando Mendoza,QB16,QB,LVR,4397,23.0,Yes,QB16,5341,,0
2029 Late 1st,,PI,,4374,,,,3763,,0
Travis Etienne,RB27,RB,NOS,4302,27.7,No,RB28,3451,,0
De'Zhaun Stribling,WR39,WR,SFO,4285,23.8,Yes,WR39,3518,,0
Blake Corum,RB28,RB,LAR,4284.99,25.9,No,RB27,3464,,0
Jordan Love,QB17,QB,GBP,4281,27.9,No,QB18,4878,,0
Zach Charbonnet,RB29,RB,SEA,4268,25.8,No,RB29,3400,,0
2027 Mid 2nd,,PI,,4237,,,,3530,,0
Jonah Coleman,RB30,RB,DEN,4222,23.1,Yes,RB31,3380,,0
RJ Harvey,RB31,RB,DEN,4172,25.7,No,RB30,3399,,0
Marvin Harrison Jr.,WR40,WR,ARI,4166,24.2,No,WR41,3356,,0
Antonio Williams,WR41,WR,WAS,4160,22.2,Yes,WR44,3272,,0
Brian Thomas Jr.,WR42,WR,JAC,4147,24.0,No,WR40,3431,,0
Bryce Young,QB18,QB,CAR,4139,25.2,No,QB10,5926,,0
Alec Pierce,WR43,WR,IND,4134,26.4,No,WR42,3353,,0
DK Metcalf,WR44,WR,PIT,4085,28.8,No,WR45,3256,,0
Jared Goff,QB19,QB,DET,4056,32.0,No,QB19,4745,,0
2028 Early 2nd,,PI,,4035,,,,3297,,0
Mike Evans,WR45,WR,SFO,4034.99,33.1,No,WR43,3283,,0
Omar Cooper Jr.,WR46,WR,NYJ,4031,22.8,Yes,WR46,3249,,0
Terry McLaurin,WR47,WR,WAS,4026,31.1,No,WR47,3178,,0
Terrance Ferguson,TE12,TE,LAR,4004,23.6,No,TE12,3236,,0
David Montgomery,RB32,RB,HOU,3999,29.3,No,RB37,3082,,0
Chris Bell,WR48,WR,MIA,3955,22.3,Yes,WR48,3166,,0
2027 Late 2nd,,PI,,3949,,,,3251,,0
Kyle Pitts,TE13,TE,ATL,3943,26.0,No,TE13,3171,,0
Emmett Johnson,RB33,RB,KCC,3942,23.0,Yes,RB35,3121,,0
Rhamondre Stevenson,RB34,RB,NEP,3939,28.6,No,RB34,3156,,0
Caleb Douglas,WR49,WR,MIA,3931,23.1,Yes,WR50,3113,,0
Kaelon Black,RB35,RB,SFO,3881,25.0,Yes,RB36,3107,,0
Xavier Worthy,WR50,WR,KCC,3871,23.4,No,WR49,3120.99,,0
Jacory Croskey-Merritt,RB36,RB,WAS,3865,25.5,No,RB38,3073,,0
Ollie Gordon II,RB37,RB,MIA,3862,22.7,No,RB32,3167,,0
C.J. Stroud,QB20,QB,HOU,3848,25.0,No,QB20,4458,,0
Braelon Allen,RB38,RB,NYJ,3818,22.7,No,RB33,3164,,0
Juwan Johnson,TE14,TE,NOS,3808,30.1,No,TE14,3137,,0
2028 Mid 2nd,,PI,,3796,,,,3186,,0
Ja'Kobi Lane,WR52,WR,BAL,3790,22.2,Yes,WR51,3089,,0
Malachi Fields,WR51,WR,NYG,3789.99,23.1,Yes,WR52,3076,,0
Matthew Stafford,QB21,QB,LAR,3789,38.7,No,QB23,3585,,0
Mike Washington Jr.,RB39,RB,LVR,3745,23.3,Yes,RB39,3015,,0
Jayden Higgins,WR53,WR,HOU,3740,23.8,No,WR54,3012,,0
Adonai Mitchell,WR54,WR,NYJ,3731,24.0,No,WR53,3013,,0
Jake Ferguson,TE15,TE,DAL,3714,27.7,No,TE15,3039,,0
Sam Darnold,QB22,QB,SEA,3699,29.3,No,QB21,4292,,0
Baker Mayfield,QB23,QB,TBB,3689,31.5,No,QB25,3529,,0
Cam Ward,QB24,QB,TEN,3683,24.4,No,QB24,3535,,0
Romeo Doubs,WR55,WR,NEP,3670,26.5,No,WR55,2980,,0
2029 Early 2nd,,PI,,3653,,,,3066,,0
Wan'Dale Robinson,WR56,WR,TEN,3646,25.8,No,WR59,2921,,0
Josh Jacobs,RB40,RB,GBP,3640,28.6,No,RB41,2856,,0
Travis Kelce,TE16,TE,KCC,3626,37.0,No,TE16,2915,,0
Dontayvion Wicks,WR57,WR,PHI,3614,25.3,No,WR57,2929,,0
Woody Marks,RB41,RB,HOU,3613,25.8,No,RB40,2928,,0
Pat Bryant,WR58,WR,DEN,3608,23.8,No,WR58,2927,,0
Keon Coleman,WR59,WR,BUF,3606,23.4,No,WR56,2949,,0
Khalil Shakir,WR60,WR,BUF,3569,26.7,No,WR61,2836,,0
2028 Late 2nd,,PI,,3529,,,,2926.99,,0
Brenton Strange,TE17,TE,JAC,3519,25.8,No,TE17,2865,,0
Deebo Samuel,WR61,WR,SFO,3504,30.7,No,WR62,2831,,0
Kyler Murray,QB25,QB,MIN,3481,29.2,No,QB28,3329,,0
Oronde Gadsden,TE18,TE,LAC,3439,23.3,No,TE18,2783,,0
Keaton Mitchell,RB42,RB,LAC,3436,24.7,No,RB42,2788,,0
Jordan Mason,RB43,RB,MIN,3431,27.4,No,RB44,2732,,0
Malik Washington,WR62,WR,MIA,3420,25.8,No,WR63,2796,,0
Tyler Allgeier,RB44,RB,ARI,3419.99,26.5,No,RB45,2713,,0
Stefon Diggs,WR63,WR,WAS,3412,32.9,No,WR66,2736,,0
Ted Hurst,WR64,WR,TBB,3408,22.3,Yes,WR65,2773,,0
Devaughn Vele,WR65,WR,NOS,3407,28.8,No,WR60,2845,,0
Jakobi Meyers,WR66,WR,JAC,3403,29.9,No,WR67,2727,,0
Tre Tucker,WR67,WR,LVR,3393,25.6,No,WR68,2726,,0
Quentin Johnston,WR68,WR,LAC,3392,25.1,No,WR72,2653,,0
Jayden Reed,WR69,WR,GBP,3382,26.4,No,WR69,2706,,0
2029 Mid 2nd,,PI,,3376,,,,2815,,0
Jonathon Brooks,RB45,RB,CAR,3375.99,23.2,No,RB46,2699,,0
Tre Harris,WR70,WR,LAC,3347,24.6,No,WR70,2700,,0
Germie Bernard,WR71,WR,PIT,3322,22.8,Yes,WR71,2671,,0
Brian Robinson,RB46,RB,ATL,3320,27.6,No,RB43,2779,,0
Tony Pollard,RB47,RB,TEN,3315,29.4,No,RB48,2668,,0
J.K. Dobbins,RB48,RB,DEN,3314,27.8,No,RB49,2609,,0
Ty Simpson,QB26,QB,LAR,3310,23.8,Yes,QB26,3479,,0
Aaron Jones,RB49,RB,MIN,3302,31.8,No,RB47,2679,,0
Malik Willis,QB27,QB,MIA,3281,27.4,No,QB29,3201,,0
Rico Dowdle,RB50,RB,PIT,3260,28.3,No,RB50,2580,,0
Eli Stowers,TE19,TE,PHI,3238,23.5,Yes,TE21,2678,,0
Daniel Jones,QB28,QB,IND,3234,29.4,No,QB27,3390,,0
Chris Godwin,WR72,WR,TBB,3228,30.6,No,WR73,2582,,0
T.J. Hockenson,TE20,TE,MIN,3208,29.3,No,TE19,2715,,0
Nicholas Singleton,RB52,RB,TEN,3207,22.8,Yes,RB51,2557,,0
Tank Bigsby,RB51,RB,PHI,3206.99,25.1,No,RB52,2540,,0
Michael Pittman,WR73,WR,PIT,3196,29.0,No,WR76,2548,,0
Dallas Goedert,TE21,TE,PHI,3188,31.8,No,TE24,2566,,0
Michael Mayer,TE22,TE,LVR,3185,25.3,No,TE20,2698,,0
Ricky Pearsall,WR74,WR,SFO,3150,26.1,No,WR74,2574,,0
Courtland Sutton,WR75,WR,DEN,3148,31.0,No,WR75,2550,,0
Mark Andrews,TE23,TE,BAL,3147,31.1,No,TE22,2591,,0
Roman Wilson,WR76,WR,PIT,3140,25.3,No,WR64,2794,,0
2027 Early 3rd,,PI,,3134,,,,2665,,0
Kenneth Gainwell,RB53,RB,TBB,3131,27.6,No,RB53,2496,,0
AJ Barner,TE24,TE,SEA,3107,24.4,No,TE23,2583,,0
Dalton Schultz,TE25,TE,HOU,3095,30.2,No,TE25,2560,,0
Zachariah Branch,WR77,WR,ATL,3091,22.5,Yes,WR79,2516,,0
Rachaad White,RB54,RB,WAS,3071,27.7,No,RB54,2495,,0
2029 Late 2nd,,PI,,3046,,,,2656,,0
Cyrus Allen,WR78,WR,KCC,3035,23.6,Yes,WR84,2317,,0
Michael Penix Jr.,QB29,QB,ATL,3020,26.4,No,QB22,3772,,0
Jalen McMillan,WR79,WR,TBB,3011,24.8,No,WR81,2459,,0
Jaylin Noel,WR80,WR,HOU,3009,24.1,No,WR78,2528,,0
Kayshon Boutte,WR81,WR,HOU,2998,24.4,No,WR83,2388,,0
Isaac TeSlaa,WR82,WR,DET,2986,24.6,No,WR77,2535,,0
Eli Raridon,TE26,TE,NEP,2954,22.6,Yes,TE26,2480,,0
Dylan Sampson,RB55,RB,CLE,2940,22.1,No,RB56,2446,,0
2027 Mid 3rd,,PI,,2938,,,,2542,,0
Rashid Shaheed,WR83,WR,SEA,2932,28.1,No,WR80,2487,,0
Tyjae Spears,RB56,RB,TEN,2927,25.3,No,RB58,2375,,0
Chris Rodriguez,RB57,RB,JAC,2925,26.0,No,RB60,2266,,0
Jaylen Wright,RB58,RB,MIA,2919,23.5,No,RB55,2463,,0
MarShawn Lloyd,RB59,RB,GBP,2899,25.8,No,RB62,2207,,0
Pat Freiermuth,TE27,TE,PIT,2872,28.0,No,TE27,2466,,0
2028 Early 3rd,,PI,,2847,,,,2476,,0
Rashod Bateman,WR84,WR,BAL,2842,26.9,No,WR82,2430,,0
Tank Dell,WR85,WR,HOU,2841,26.9,No,WR85,2253,,0
Emanuel Wilson,RB60,RB,SEA,2824,27.4,No,RB57,2396,,0
Elijah Sarratt,WR86,WR,BAL,2816,23.4,Yes,WR87,2174,,0
Kaleb Johnson,RB61,RB,GBP,2815,23.2,No,RB63,2175,,0
2027 Late 3rd,,PI,,2814,,,,2475.99,,0
Tory Horton,WR87,WR,SEA,2803,23.9,No,WR89,2163,,0
Troy Franklin,WR88,WR,DEN,2793,23.7,No,WR88,2164,,0
Jack Bech,WR89,WR,LVR,2772,23.8,No,WR91,2160,,0
2028 Mid 3rd,,PI,,2727,,,,2325,,0
Kendre Miller,RB62,RB,NOS,2719,24.3,No,RB59,2314,,0
Chris Brazzell II,WR90,WR,CAR,2714,23.0,Yes,WR93,2124,,0
Kaytron Allen,RB63,RB,WAS,2699,23.8,Yes,RB66,2058,,0
Elic Ayomanor,WR91,WR,TEN,2694,23.4,No,WR86,2206.99,,0
Gunnar Helm,TE28,TE,TEN,2693,24.1,No,TE30,2156,,0
Alvin Kamara,RB64,RB,NOS,2689,31.2,No,RB61,2263,,0
Travis Hunter,WR92,WR,JAC,2669,23.4,No,WR94,2115,,0
Demond Claiborne,RB65,RB,MIN,2667,23.0,Yes,RB65,2098,,0
Chigoziem Okonkwo,TE29,TE,WAS,2658,27.1,No,TE32,2121,,0
Hunter Henry,TE30,TE,NEP,2653,31.8,No,TE28,2169,,0
Will Shipley,RB66,RB,PHI,2648,24.1,No,RB64,2170,,0
Kevin Coleman,WR93,WR,MIA,2639,23.1,Yes,WR90,2161,,0
Darnell Washington,TE31,TE,PIT,2636,25.1,No,TE29,2160.99,,0
Cade Otton,TE32,TE,TBB,2605,27.5,No,TE31,2154,,0
Ryan Flournoy,WR94,WR,DAL,2604.99,27.0,No,WR95,2092,,0
Dohnte Meyers,WR95,WR,CIN,2590,26.3,No,WR92,2129,,0
Kimani Vidal,RB67,RB,LAC,2584,25.1,No,RB67,2048,,0
Sean Tucker,RB68,RB,TBB,2576,25.0,No,RB68,1984,,0
Mason Taylor,TE33,TE,NYJ,2568,22.4,No,TE34,2036,,0
Kyle Williams,WR96,WR,NEP,2548,23.9,No,WR99,2000,,0
Demario Douglas,WR97,WR,NEP,2544,25.8,No,WR98,2050,,0
Skyler Bell,WR98,WR,BUF,2540,24.3,Yes,WR96,2081,,0
Tyquan Thornton,WR99,WR,KCC,2517,26.2,No,WR97,2070,,0
2028 Late 3rd,,PI,,2512,,,,2135,,0
2029 Early 3rd,,PI,,2506,,,,2203,,0
Bryce Lance,WR100,WR,NOS,2498,24.1,Yes,WR103,1953,,0
Elijah Arroyo,TE34,TE,SEA,2470,23.5,No,TE36,1970,,0
Xavier Hutchinson,WR101,WR,HOU,2451,26.4,No,WR101,1968,,0
2029 Mid 3rd,,PI,,2427,,,,2035,,0
Mike Gesicki,TE35,TE,CIN,2419,31.0,No,TE33,2049,,0
Tez Johnson,WR102,WR,TBB,2418,24.4,No,WR105,1929,,0
Jalen Nailor,WR103,WR,LVR,2409,27.6,No,WR100,1974,,0
Max Klare,TE36,TE,LAR,2407,23.2,Yes,TE35,2008,,0
Jaylin Lane,WR104,WR,WAS,2403,24.4,No,WR102,1958,,0
Seth McGowan,RB69,RB,IND,2400,25.0,Yes,RB70,1875,,0
Jordan James,RB70,RB,SFO,2399,22.5,No,RB73,1825,,0
Raheim Sanders,RB71,RB,CLE,2398,24.3,No,RB69,1931,,0
Zavion Thomas,WR105,WR,CHI,2397.99,22.6,Yes,WR106,1924,,0
Jerry Jeudy,WR106,WR,CLE,2375,27.5,No,WR109,1853,,0
Oscar Delp,TE37,TE,NOS,2370,23.2,Yes,TE40,1868,,0
Cole Kmet,TE38,TE,CHI,2367,27.6,No,TE38,1928,,0
Chimere Dike,WR107,WR,TEN,2358,24.8,No,WR107,1916,,0
Adam Randall,RB72,RB,BAL,2356,22.2,Yes,RB74,1823,,0
George Holani,RB73,RB,SEA,2329,26.8,No,RB72,1845,,0
Isaiah Davis,RB74,RB,NYJ,2324,24.6,No,RB71,1850,,0
Colby Parkinson,TE39,TE,LAR,2314,27.8,No,TE39,1882,,0
Shedeur Sanders,QB30,QB,CLE,2309,24.7,No,QB38,2313,,0
Jauan Jennings,WR108,WR,MIN,2291,29.2,No,WR113,1806,,0
Darren Waller,TE40,TE,CAR,2289,34.1,No,TE37,1967.99,,0
2027 Early 4th,,PI,,2282,,,,1947,,0
2029 Late 3rd,,PI,,2275,,,,1926,,0
Greg Dulcich,TE41,TE,MIA,2274,26.5,No,TE42,1861,,0
Trevor Etienne,RB75,RB,CAR,2270,22.2,No,RB75,1776,,0
Marvin Mims,WR109,WR,DEN,2265,24.6,No,WR111,1827,,0
Ray Davis,RB76,RB,BUF,2263,26.9,No,RB76,1743,,0
Jacoby Brissett,QB31,QB,ARI,2254,33.8,No,QB32,2663,,0
Xavier Legette,WR110,WR,CAR,2242,25.7,No,WR110,1835,,0
Jalon Daniels,QB32,QB,TBB,2223,23.9,Yes,QB39,2208,,0
Theo Johnson,TE42,TE,NYG,2222,25.6,No,TE44,1721,,0
Konata Mumpfield,WR112,WR,LAR,2208,24.0,No,WR112,1813,,0
Jalen Royals,WR111,WR,KCC,2207.99,23.6,No,WR114,1796,,0
Evan Engram,TE43,TE,DEN,2206,32.1,No,TE43,1841,,0
2027 Mid 4th,,PI,,2199,,,,1883,,0
Joshua Palmer,WR113,WR,BUF,2187,27.0,No,WR115,1775.99,,0
LeQuint Allen,RB77,RB,JAC,2164,22.2,No,RB77,1731,,0
Dawson Knox,TE44,TE,BUF,2151,29.9,No,TE41,1863,,0
Keenan Allen,WR114,WR,IND,2141,34.4,No,WR119,1678,,0
Isaiah Bond,WR115,WR,CLE,2140,22.6,No,WR118,1704,,0
Kalif Raymond,WR116,WR,CHI,2125,32.2,No,WR108,1860.99,,0
Tyrone Tracy,RB78,RB,NYG,2123,26.9,No,RB79,1644,,0
Dont'e Thornton,WR117,WR,LVR,2116,23.8,No,WR123,1642,,0
2028 Early 4th,,PI,,2101,,,,1860.98,,0
Darius Cooper,WR118,WR,PHI,2063,24.9,No,WR104,1948,,0
David Njoku,TE45,TE,LAC,2059,30.2,No,TE45,1699,,0
DJ Giddens,RB79,RB,IND,2045,23.1,No,RB81,1586,,0
Jahan Dotson,WR119,WR,ATL,2044,26.6,No,WR120,1675,,0
2027 Late 4th,,PI,,2043,,,,1771,,0
Brashard Smith,RB80,RB,KCC,2002,23.5,No,RB80,1620,,0
Barion Brown,WR120,WR,NOS,1995,22.8,Yes,WR124,1573,,0
Tyler Higbee,TE46,TE,LAR,1983,33.8,No,TE46,1691,,0
Carson Beck,QB33,QB,ARI,1976,24.9,Yes,QB34,2532,,0
Mack Hollins,WR121,WR,NEP,1973,33.1,No,WR116,1720,,0
Eli Heidenreich,RB81,RB,PIT,1960,23.3,Yes,RB78,1681,,0
2028 Mid 4th,,PI,,1955,,,,1603,,0
Jalen Milroe,QB34,QB,SEA,1943,23.8,No,QB42,1962,,0
J.J. McCarthy,QB35,QB,NYG,1942,23.7,No,QB37,2331,,0
Darnell Mooney,WR122,WR,NYG,1940,28.9,No,WR126,1538,,0
Cooper Kupp,WR123,WR,SEA,1939,33.3,No,WR122,1643,,0
Isiah Pacheco,RB82,RB,DET,1937,27.6,No,RB82,1545,,0
Josh Cameron,WR124,WR,JAC,1936,23.6,Yes,WR117,1714,,0
Justice Hill,RB83,RB,BAL,1921,28.9,No,RB84,1537.99,,0
Mac Jones,QB36,QB,SFO,1920,28.1,No,QB36,2381,,0
Chris Brooks,RB84,RB,GBP,1918,26.7,No,RB86,1483,,0
Najee Harris,RB85,RB,NYG,1915,28.6,No,RB83,1539,,0
Kirk Cousins,QB37,QB,LVR,1913,38.1,No,QB31,2717,,0
Brenen Thompson,WR125,WR,LAC,1912.99,23.2,Yes,WR121,1665,,0
Treylon Burks,WR126,WR,WAS,1906,26.6,No,WR125,1560,,0
Trey Benson,RB86,RB,ARI,1898,24.2,No,RB85,1537.98,,0
Malik Benson,WR127,WR,LVR,1885,24.0,Yes,WR127,1510,,0
Jake Tonges,TE47,TE,SFO,1875,27.2,No,TE48,1488,,0
2029 Early 4th,,PI,,1851,,,,1580,,0
Noah Fant,TE48,TE,NOS,1831,28.9,No,TE47,1581,,0
Geno Smith,QB38,QB,NYJ,1817,36.0,No,QB33,2537,,0
Kendrick Bourne,WR128,WR,ARI,1816,31.2,No,WR128,1506,,0
Noah Gray,TE49,TE,KCC,1763,27.4,No,TE50,1464,,0
Ja'Tavion Sanders,TE50,TE,CAR,1762.99,23.5,No,TE52,1405,,0
John Metchie,WR129,WR,CAR,1762,26.2,No,WR129,1466,,0
Andrei Iosivas,WR130,WR,CIN,1757,27.0,No,WR135,1357,,0
Ben Sinnott,TE51,TE,WAS,1752,24.3,No,TE53,1332,,0
Christian Kirk,WR131,WR,SFO,1750,29.9,No,WR131,1410,,0
Roschon Johnson,RB87,RB,CHI,1749,25.7,No,RB88,1397,,0
Malik Davis,RB88,RB,DAL,1746,27.9,No,RB89,1374,,0
Anthony Richardson,QB39,QB,IND,1732,24.4,No,QB47,1805.99,,0
Devontez Walker,WR132,WR,BAL,1731.99,25.3,No,WR130,1419,,0
Tahj Brooks,RB89,RB,CIN,1720,24.4,No,RB92,1296,,0
Jarquez Hunter,RB90,RB,MIA,1715,23.8,No,RB93,1266,,0
2029 Mid 4th,,PI,,1712,,,,1373.99,,0
Luke Musgrave,TE52,TE,GBP,1692,26.1,No,TE51,1417,,0
Matthew Hibner,TE53,TE,BAL,1691,24.6,Yes,TE49,1485,,0
Savion Williams,WR133,WR,GBP,1689,24.9,No,WR136,1335,,0
2028 Late 4th,,PI,,1682,,,,1479,,0
Sione Vaki,RB92,RB,DET,1677,25.2,No,RB87,1409.99,,0
Devin Singletary,RB91,RB,NYG,1676.99,29.1,No,RB90,1348,,0
Tyreek Hill,WR134,WR,FA,1672,32.6,No,WR132,1402,,0
Tua Tagovailoa,QB40,QB,ATL,1671,28.6,No,QB48,1720.99,,0
Jaydon Blue,RB93,RB,PHI,1653,22.8,No,RB94,1265,,0
Jalen Tolbert,WR135,WR,MIA,1643,27.6,No,WR141,1280,,0
Deion Burks,WR136,WR,IND,1641,23.8,Yes,WR134,1358,,0
Tutu Atwell,WR137,WR,LAR,1636,27.0,No,WR144,1245,,0
Jordan Whittington,WR138,WR,LAR,1633,26.0,No,WR138,1302,,0
Justin Joly,TE54,TE,MIA,1612,22.2,Yes,TE54,1304,,0
Luke McCaffrey,WR139,WR,WAS,1606,25.5,No,WR143,1249,,0
Dyami Brown,WR140,WR,WAS,1602,26.9,No,WR140,1282,,0
Justin Fields,QB41,QB,KCC,1601,27.6,No,QB51,1460,,0
Tommy Tremble,TE55,TE,CAR,1598,26.4,No,TE57,1270,,0
Jordan Watkins,WR141,WR,SFO,1584,24.6,No,WR139,1292,,0
Ty Johnson,RB94,RB,BUF,1578,29.1,No,RB91,1319,,0
Jahdae Walker,WR142,WR,CHI,1577,24.3,No,WR133,1366,,0
Colbie Young,WR143,WR,CIN,1561,24.2,Yes,WR137,1314,,0
Cade Klubnik,QB42,QB,NYJ,1558,23.0,Yes,QB46,1885,,0
James Conner,RB95,RB,ARI,1536,31.4,No,RB95,1257,,0
Emari Demercado,RB96,RB,DAL,1534,27.7,No,RB96,1253,,0
Devin Neal,RB97,RB,MIN,1533.99,23.2,No,RB98,1198,,0
Aaron Rodgers,QB43,QB,PIT,1529,42.8,No,QB40,2044,,0
2029 Late 4th,,PI,,1525,,,,1313,,0
Charlie Kolar,TE56,TE,LAC,1516,27.7,No,TE55,1301,,0
Will Howard,QB44,QB,PIT,1508,25.0,No,QB49,1655,,0
Marlin Klein,TE57,TE,HOU,1504,24.1,Yes,TE56,1281.99,,0
KeAndre Lambert-Smith,WR144,WR,LAC,1501,25.0,No,WR150,1163,,0
Erick All,TE58,TE,CIN,1494,26.1,No,TE58,1205,,0
Tai Felton,WR145,WR,MIN,1480,23.6,No,WR152,1157,,0
Trey Palmer,WR146,WR,NOS,1459,25.5,No,WR149,1178,,0
Jameis Winston,QB45,QB,NYG,1458,32.8,No,QB44,1954,,0
Skyy Moore,WR147,WR,GBP,1457.99,26.1,No,WR142,1265.99,,0
Olamide Zaccheaus,WR148,WR,ATL,1456,29.2,No,WR148,1177.99,,0
Jacob Cowing,WR149,WR,SFO,1455,25.7,No,WR145,1213,,0
Cedric Tillman,WR150,WR,NOS,1454,26.5,No,WR147,1181,,0
Jaleel McLaughlin,RB98,RB,CLE,1447,26.1,No,RB99,1197,,0
Malachi Corley,WR151,WR,CLE,1445,24.6,No,WR153,1147,,0
Samaje Perine,RB99,RB,CIN,1439,31.1,No,RB97,1204,,0
Kameron Johnson,WR152,WR,TBB,1436,24.6,No,WR146,1212,,0
Zach Ertz,TE59,TE,PHI,1413,35.9,No,TE59,1176,,0
Calvin Ridley,WR153,WR,TEN,1409,31.8,No,WR156,1091,,0
Efton Chism,WR155,WR,NEP,1401,25.0,No,WR151,1160,,0
Jimmy Horn,WR154,WR,CLE,1400.99,24.1,No,WR155,1106,,0
Audric Estime,RB100,RB,MIN,1393,23.1,No,RB100,1130,,0
Joe Milton,QB46,QB,DAL,1371,26.6,No,QB54,1318,,0
Cade Stover,TE60,TE,HOU,1368,26.3,No,TE60,1173,,0
Marcus Mariota,QB47,QB,WAS,1361,32.9,No,QB45,1920,,0
J'Mari Taylor,RB101,RB,JAC,1358,24.7,Yes,RB102,1129,,0
CJ Daniels,WR156,WR,LAR,1354,24.8,Yes,WR158,1073,,0
Daniel Bellinger,TE61,TE,TEN,1326,26.0,No,TE62,1123,,0
Quinn Ewers,QB48,QB,JAC,1319,23.4,No,QB55,1299,,0
Jacob Saylors,RB102,RB,DET,1310,25.6,No,RB101,1128.99,,0
Mitchell Evans,TE62,TE,CAR,1308,23.6,No,TE64,1119,,0
Jonnu Smith,TE63,TE,GBP,1303,31.1,No,TE65,1074,,0
Jonathan Mingo,WR157,WR,DAL,1300,25.5,No,WR163,994,,0
Jack Endries,TE64,TE,CIN,1294,22.5,Yes,TE61,1139,,0
Isaac Guerendo,RB103,RB,SFO,1278,26.3,No,RB107,1024,,0
Sam Roush,TE65,TE,CHI,1275,23.1,Yes,TE63,1121,,0
Rasheen Ali,RB104,RB,BAL,1271,25.6,No,RB105,1037,,0
Tyler Badie,RB105,RB,DEN,1267,26.7,No,RB103,1083,,0
Demarcus Robinson,WR158,WR,SFO,1265,32.0,No,WR157,1084,,0
Cody White,WR159,WR,LVR,1254,27.9,No,WR154,1120,,0
Elijah Higgins,TE66,TE,ARI,1247,26.0,No,TE67,1007,,0
Deshaun Watson,QB49,QB,CLE,1244,31.1,No,QB30,2753,,0
Garrett Nussmeier,QB50,QB,KCC,1234,24.7,Yes,QB53,1362,,0
Michael Trigg,TE67,TE,DAL,1223,24.3,Yes,TE66,1026,,0
Marquise Brown,WR160,WR,PHI,1222,29.4,No,WR161,1001,,0
Austin Ekeler,RB106,RB,WAS,1215,31.4,No,RB106,1029,,0
Greg Dortch,WR161,WR,BUF,1214.99,28.4,No,WR162,998,,0
KaVontae Turpin,WR162,WR,DAL,1213,30.2,No,WR160,1008,,0
Tyler Goodson,RB107,RB,DAL,1202,25.9,No,RB104,1072.99,,0
Elijah Moore,WR163,WR,PHI,1184,26.5,No,WR164,985,,0
Calvin Austin III,WR164,WR,NYG,1183,27.5,No,WR159,1007.99,,0
Jalin Hyatt,WR165,WR,NYG,1166,25.0,No,WR165,967,,0
Tyson Bagent,QB51,QB,CHI,1140,26.3,No,QB41,2030,,0
David Bell,WR166,WR,CLE,1099,25.8,No,WR167,903,,0
Tanner Koziol,TE68,TE,JAC,1097,23.7,Yes,TE69,977,,0
Darius Slayton,WR167,WR,IND,1092,29.7,No,WR166,932,,0
Davis Allen,TE69,TE,LAR,1091,25.7,No,TE70,892,,0
Will Kacmarek,TE70,TE,MIA,1090,23.6,Yes,TE68,984,,0
Javon Baker,WR168,WR,SFO,1076,24.6,No,WR168,894,,0
Dameon Pierce,RB108,RB,PHI,1056,26.6,No,RB109,902.99,,0
AJ Dillon,RB109,RB,CAR,1051,28.4,No,RB108,928,,0
Jerome Ford,RB110,RB,MIN,1047,27.1,No,RB116,776,,0
Xavier Restrepo,WR169,WR,TEN,1040,24.5,No,WR170,846,,0
Gabriel Davis,WR170,WR,BUF,1037,27.5,No,WR169,870,,0
Riley Leonard,QB52,QB,IND,1026,24.1,No,QB56,1267,,0
Luke Schoonmaker,TE71,TE,DAL,1025.99,28.0,No,TE71,836,,0
Frank Gore Jr.,RB112,RB,BUF,1024,24.6,No,RB111,845.99,,0
Bam Knight,RB111,RB,ARI,1023.99,25.5,No,RB112,823,,0
Kalel Mullings,RB113,RB,TEN,1019,24.0,No,RB110,884,,0
Arian Smith,WR171,WR,NYJ,1002,25.0,No,WR172,762,,0
Carson Wentz,QB53,QB,MIN,985,33.8,No,QB50,1566,,0
Drew Lock,QB54,QB,SEA,965,29.9,No,QB43,1957.99,,0
Mason Tipton,WR172,WR,NOS,959,26.0,No,WR173,759,,0
Brevin Jordan,TE72,TE,HOU,955,26.2,No,TE73,774,,0
Israel Abanikanda,RB114,RB,DAL,953,24.0,No,RB114,783,,0
Dillon Gabriel,QB55,QB,CLE,946,25.8,No,QB59,1113,,0
Spencer Rattler,QB56,QB,NOS,945,26.0,No,QB60,1081,,0
Phil Mafah,RB115,RB,NYG,918,24.0,No,RB118,732,,0
Kendall Milton,RB116,RB,CIN,912,24.7,No,RB115,779,,0
Xavier Gipson,WR173,WR,PHI,904,25.6,No,WR175,736,,0
Bo Melton,WR174,WR,GBP,903,27.4,No,WR171,782,,0
Brock Wright,TE73,TE,DET,885,27.9,No,TE72,792,,0
Michael Carter,RB117,RB,TEN,884.99,27.4,No,RB119,692,,0
Nick Westbrook-Ikhine,WR175,WR,IND,871,29.6,No,WR174,750,,0
Reggie Virgil,WR176,WR,ARI,861,22.4,Yes,WR176,726,,0
Le'Veon Moss,RB118,RB,MIA,854,23.9,Yes,RB113,788,,0
Jared Wiley,TE74,TE,KCC,840,25.9,No,TE74,706,,0
Khalil Herbert,RB119,RB,ATL,828,28.5,No,RB117,764,,0
LaJohntay Wester,WR177,WR,BAL,809,24.5,No,WR177,588,,0
Dylan Laube,RB120,RB,LVR,798,26.8,No,RB120,568,,0
Jake Bobo,WR178,WR,SEA,793,28.2,No,WR180,551,,0
Foster Moreau,TE75,TE,HOU,766,29.4,No,TE75,622,,0
Jeremy Ruckert,TE76,TE,NYJ,764,26.2,No,TE76,603,,0
Johnny Wilson,WR179,WR,PHI,751,25.5,No,WR183,497,,0
Tyrell Shavers,WR180,WR,BUF,749,27.1,No,WR182,511,,0
Isaiah Hodgins,WR181,WR,PIT,699,28.0,No,WR178,569,,0
Lil'Jordan Humphrey,WR182,WR,DEN,696,28.5,No,WR179,563,,0
Zamir White,RB122,RB,NOS,682,27.0,No,RB122,478,,0
Derius Davis,WR183,WR,LAC,678,26.1,No,WR185,468,,0
Tyler Johnson,WR184,WR,NYJ,675,28.1,No,WR181,530,,0
Travis Homer,RB123,RB,PIT,671,28.2,No,RB121,526,,0
Ty Chandler,RB124,RB,NOS,645,28.4,No,RB123,465,,0
Tyler Huntley,QB57,QB,BAL,614,28.7,No,QB58,1195,,0
Sincere McCormick,RB126,RB,SFO,589,26.1,No,RB125,456,,0
Tyler Scott,WR186,WR,LVR,584,25.0,No,WR186,464,,0
Sam Howell,QB58,QB,DAL,565,26.1,No,QB64,809,,0
Josh Oliver,TE78,TE,MIN,564,29.6,No,TE77,484,,0
Damien Martinez,RB133,RB,FA,550,22.7,No,RB124,457,,0
Josh Reynolds,WR192,WR,NYJ,549,31.6,No,WR184,471,,0
Kenny Pickett,QB61,QB,CAR,548,28.3,No,QB69,685,,0
Aidan O'Connell,QB62,QB,LVR,547.99,28.1,No,QB73,477,,0
Trey Lance,QB64,QB,LAC,547,26.4,No,QB63,818,,0
Joe Flacco,QB63,QB,CIN,546.99,41.7,No,QB70,578,,0
Luke Altmyer,QB65,QB,DET,546.98,24.0,Yes,QB74,459,,0
Brandon Aiyuk,WR197,WR,SFO,546.97,28.6,No,WR187,455,,0
Will Levis,QB66,QB,NYJ,539,27.3,No,QB71,515,,0
Tanner McKee,QB67,QB,PHI,477,26.4,No,QB62,893,,0
Gardner Minshew,QB69,QB,ARI,412,30.4,No,QB68,755,,0
Jack Strand,QB78,QB,ATL,360,22.3,Yes,QB57,1197.99,,0
Davis Mills,QB79,QB,HOU,303,28.0,No,QB61,1072.98,,0
Drew Allar,QB81,QB,PIT,298,22.6,Yes,QB35,2443,,0
Kyle McCord,QB83,QB,MIA,287,24.0,No,QB65,791,,0
Stetson Bennett,QB85,QB,LAR,265,29.0,No,QB66,768,,0
Jarrett Stidham,QB92,QB,DEN,251,30.2,No,QB75,454.99,,0
Case Keenum,QB99,QB,CHI,237,38.6,No,QB67,756,,0
Taylen Green,QB100,QB,CLE,220,24.0,Yes,QB52,1433,,0
Cole Payton,QB104,QB,PHI,201,24.0,Yes,QB72,486,,0
