"Last updated: October 06, 2026 01:03 PM UTC"
Updated 10/06/26 at 01:03pm,Position Rank,Position,Team,Value,Age,Rookie,SFPosition Rank,SFValue,RdrftPosition Rank,RdrftValue
Bijan Robinson,RB1,RB,ATL,9999,24.7,No,RB2,9995,,0
Jaxon Smith-Njigba,WR1,WR,SEA,9998,24.6,No,WR1,9999,,0
Jahmyr Gibbs,RB2,RB,DET,9997,24.6,No,RB1,9998.99,,0
Ja'Marr Chase,WR2,WR,CIN,9108,26.6,No,WR2,9009,,0
Brock Bowers,TE1,TE,LVR,8978.6,23.8,No,TE1,9045.7,,0
Trey McBride,TE2,TE,ARI,8374.03,26.9,No,TE2,8297.03,,0
Amon-Ra St. Brown,WR3,WR,DET,8063,27.0,No,WR3,7976,,0
Josh Allen,QB1,QB,BUF,7837,30.4,No,QB1,9994.99,,0
Puka Nacua,WR4,WR,LAR,7774,25.4,No,WR4,7764,,0
Kenneth Walker III,RB3,RB,KCC,7615,26.0,No,RB4,7361,,0
Ashton Jeanty,RB4,RB,LVR,7559,22.8,No,RB3,7429,,0
CeeDee Lamb,WR5,WR,DAL,7469,27.5,No,WR5,7471,,0
Jeremiyah Love,RB5,RB,ARI,7380,21.4,Yes,RB5,7194,,0
Justin Jefferson,WR6,WR,MIN,7241,27.3,No,WR6,7212,,0
2027 Early 1st,,PI,,7215,,,,6999,,0
Jonathan Taylor,RB6,RB,IND,7022,27.7,No,RB6,6784,,0
Drake London,WR7,WR,ATL,6994,25.2,No,WR7,6788,,0
Chris Olave,WR8,WR,NOS,6959,26.3,No,WR8,6770,,0
Malik Nabers,WR9,WR,NYG,6941,23.2,No,WR9,6745,,0
James Cook,RB7,RB,BUF,6938,27.0,No,RB7,6600,,0
Tyler Warren,TE3,TE,IND,6864.33,24.4,No,TE3,6404.53,,0
Zay Flowers,WR10,WR,BAL,6566,26.1,No,WR10,6367,,0
Tetairoa McMillan,WR11,WR,CAR,6559,23.5,No,WR11,6250,,0
Colston Loveland,TE4,TE,CHI,6530.73,22.5,No,TE4,5919.13,,0
Garrett Wilson,WR12,WR,NYJ,6456,26.2,No,WR12,6187,,0
Lamar Jackson,QB2,QB,BAL,6332,29.7,No,QB3,7532,,0
Nico Collins,WR13,WR,HOU,6302,27.6,No,WR15,5905,,0
Parker Washington,WR14,WR,JAC,6288,24.5,No,WR13,5925,,0
George Pickens,WR15,WR,DAL,6265,25.6,No,WR14,5909,,0
Chase Brown,RB8,RB,CIN,6248,26.5,No,RB8,5757,,0
Christian McCaffrey,RB9,RB,SFO,6192,30.3,No,RB9,5627,,0
Omarion Hampton,RB10,RB,LAC,6175,23.6,No,RB10,5610,,0
2027 Mid 1st,,PI,,6171,,,,5886,,0
Breece Hall,RB11,RB,NYJ,6129,25.4,No,RB12,5439,,0
Caleb Williams,QB3,QB,CHI,6114,24.9,No,QB2,7566,,0
DeVonta Smith,WR16,WR,PHI,6090,27.9,No,WR16,5624,,0
Kyren Williams,RB12,RB,LAR,6061,26.1,No,RB13,5326,,0
De'Von Achane,RB13,RB,MIA,6058,25.0,No,RB11,5580,,0
Luther Burden,WR17,WR,CHI,6002,22.8,No,WR18,5280,,0
2028 Early 1st,,PI,,5991,,,,5538,,0
Harold Fannin,TE5,TE,CLE,5978.04,22.2,No,TE5,5298.24,,0
Tucker Kraft,TE6,TE,GBP,5918.54,25.9,No,TE7,5157.34,,0
Tee Higgins,WR18,WR,CIN,5890,27.7,No,WR21,5149,,0
Kenyon Sadiq,TE7,TE,NYJ,5884.96,21.6,Yes,TE6,5281.06,,0
Ladd McConkey,WR19,WR,LAC,5880,24.9,No,WR19,5198,,0
Emeka Egbuka,WR20,WR,TBB,5872,24.0,No,WR17,5315,,0
Christian Watson,WR21,WR,GBP,5865,27.4,No,WR20,5168,,0
Derrick Henry,RB14,RB,BAL,5829,32.8,No,RB14,5067,,0
Carnell Tate,WR22,WR,TEN,5825,21.7,Yes,WR22,5142,,0
Javonte Williams,RB15,RB,DAL,5790,26.4,No,RB15,4975,,0
Sam LaPorta,TE8,TE,DET,5764.87,25.7,No,TE8,4938.77,,0
Joe Burrow,QB4,QB,CIN,5757,29.8,No,QB5,6900,,0
Quinshon Judkins,RB16,RB,CLE,5732,22.9,No,RB16,4949,,0
Matthew Golden,WR23,WR,GBP,5698,23.2,No,WR23,4963,,0
2027 Late 1st,,PI,,5682,,,,5028,,0
Drake Maye,QB5,QB,NEP,5641,24.1,No,QB8,6510,,0
Bucky Irving,RB17,RB,TBB,5639,24.1,No,RB17,4835,,0
Jordyn Tyson,WR24,WR,NOS,5634,22.2,Yes,WR25,4834,,0
Denzel Boston,WR25,WR,CLE,5567,22.8,Yes,WR24,4839,,0
Dalton Kincaid,TE9,TE,BUF,5540.37,27.0,No,TE9,4819.87,,0
Bhayshul Tuten,RB18,RB,JAC,5508,23.6,No,RB18,4751,,0
Saquon Barkley,RB19,RB,PHI,5470,29.6,No,RB20,4719,,0
Cam Skattebo,RB20,RB,NYG,5460,24.7,No,RB19,4736,,0
Jayden Daniels,QB6,QB,WAS,5417,25.8,No,QB10,5972,,0
D'Andre Swift,RB21,RB,CHI,5384,27.7,No,RB22,4552,,0
Jaylen Waddle,WR26,WR,DEN,5365,27.9,No,WR28,4591,,0
TreVeyon Henderson,RB22,RB,NEP,5321,24.0,No,RB21,4623,,0
Brock Purdy,QB7,QB,SFO,5318,26.8,No,QB4,6903,,0
Rashee Rice,WR27,WR,KCC,5310,26.4,No,WR26,4601,,0
Trevor Lawrence,QB8,QB,JAC,5266,27.0,No,QB6,6691,,0
Jadarian Price,RB23,RB,SEA,5248,23.0,Yes,RB23,4523,,0
Patrick Mahomes,QB9,QB,KCC,5246,31.0,No,QB7,6559,,0
2028 Mid 1st,,PI,,5229,,,,4696,,0
Jalen Coker,WR28,WR,CAR,5224,24.9,No,WR27,4596,,0
2029 Early 1st,,PI,,5191,,,,4582,,0
Jalen Hurts,QB10,QB,PHI,5174,28.2,No,QB11,5807,,0
A.J. Brown,WR29,WR,NEP,5132,29.3,No,WR30,4413,,0
KC Concepcion,WR30,WR,CLE,5127,22.0,Yes,WR29,4417,,0
George Kittle,TE10,TE,SFO,5008.67,33.0,No,TE11,4216.67,,0
Michael Wilson,WR31,WR,ARI,5004,26.6,No,WR31,4337,,0
Isaiah Likely,TE11,TE,NYG,4997.05,26.5,No,TE10,4300.75,,0
Rome Odunze,WR32,WR,CHI,4933,24.3,No,WR32,4277,,0
Jameson Williams,WR33,WR,DET,4855,25.5,No,WR33,4207,,0
2028 Late 1st,,PI,,4827,,,,4242,,0
Makai Lemon,WR34,WR,PHI,4813,22.3,Yes,WR34,4155,,0
Chuba Hubbard,RB24,RB,CAR,4803,27.3,No,RB24,4105,,0
Jaxson Dart,QB11,QB,NYG,4735,23.4,No,QB12,5616,,0
Justin Herbert,QB12,QB,LAC,4722,28.6,No,QB17,5250,,0
Tyler Shough,QB13,QB,NOS,4691,27.0,No,QB9,5973,,0
2029 Mid 1st,,PI,,4661,,,,4052,,0
Dak Prescott,QB14,QB,DAL,4591,33.2,No,QB14,5425,,0
Davante Adams,WR35,WR,LAR,4582,33.8,No,WR35,3902,,0
Kyle Pitts,TE12,TE,ATL,4548.85,26.0,No,TE12,3689.75,,0
Bo Nix,QB15,QB,DEN,4543,26.6,No,QB15,5384,,0
2027 Early 2nd,,PI,,4534,,,,3847,,0
Terrance Ferguson,TE13,TE,LAR,4531.2,23.6,No,TE13,3661.1,,0
Jordan Addison,WR36,WR,MIN,4521,24.7,No,WR38,3699,,0
D.J. Moore,WR37,WR,BUF,4514,29.5,No,WR37,3705,,0
Jaylen Warren,RB25,RB,PIT,4457,27.9,No,RB26,3660,,0
Josh Downs,WR38,WR,IND,4454,25.2,No,WR36,3779,,0
Fernando Mendoza,QB16,QB,LVR,4409,23.0,Yes,QB16,5286,,0
Kyle Monangai,RB26,RB,CHI,4404,24.3,No,RB25,3711,,0
2029 Late 1st,,PI,,4343,,,,3802,,0
Blake Corum,RB27,RB,LAR,4320,25.9,No,RB27,3543,,0
De'Zhaun Stribling,WR39,WR,SFO,4311,23.8,Yes,WR39,3516,,0
Jake Ferguson,TE14,TE,DAL,4305.88,27.7,No,TE14,3571.08,,0
Jordan Love,QB17,QB,GBP,4297,27.9,No,QB18,4930,,0
Travis Etienne,RB28,RB,NOS,4294,27.7,No,RB28,3501,,0
Marvin Harrison Jr.,WR40,WR,ARI,4257,24.2,No,WR42,3355,,0
Juwan Johnson,TE15,TE,NOS,4256.23,30.1,No,TE15,3518.13,,0
Jonah Coleman,RB29,RB,DEN,4241,23.1,Yes,RB29,3413,,0
2027 Mid 2nd,,PI,,4226,,,,3555,,0
David Montgomery,RB30,RB,HOU,4206,29.3,No,RB32,3286,,0
Brian Thomas Jr.,WR41,WR,JAC,4192,24.0,No,WR41,3393,,0
Zach Charbonnet,RB31,RB,SEA,4191.99,25.7,No,RB30,3332,,0
Alec Pierce,WR42,WR,IND,4177,26.4,No,WR40,3417,,0
Travis Kelce,TE16,TE,KCC,4123.46,37.0,No,TE16,3369.96,,0
Omar Cooper Jr.,WR43,WR,NYJ,4101,22.8,Yes,WR44,3253,,0
RJ Harvey,RB32,RB,DEN,4092,25.7,No,RB31,3312,,0
Terry McLaurin,WR44,WR,WAS,4062,31.0,No,WR46,3191,,0
Jared Goff,QB18,QB,DET,4057,32.0,No,QB19,4644,,0
Antonio Williams,WR45,WR,WAS,4056.99,22.2,Yes,WR45,3220,,0
DK Metcalf,WR46,WR,PIT,4026,28.8,No,WR48,3178,,0
2028 Early 2nd,,PI,,4012,,,,3284,,0
Chris Bell,WR47,WR,MIA,4010,22.3,Yes,WR47,3184,,0
Oronde Gadsden,TE17,TE,LAC,4003.41,23.3,No,TE17,3273.01,,0
2027 Late 2nd,,PI,,3984,,,,3203,,0
Mike Evans,WR48,WR,SFO,3983,33.1,No,WR43,3278,,0
Brenton Strange,TE18,TE,JAC,3971.93,25.8,No,TE18,3253.63,,0
Bryce Young,QB19,QB,CAR,3964,25.2,No,QB13,5585,,0
Kaelon Black,RB33,RB,SFO,3950,25.0,Yes,RB33,3162,,0
Emmett Johnson,RB34,RB,KCC,3948,23.0,Yes,RB34,3148,,0
Caleb Douglas,WR49,WR,MIA,3926,23.1,Yes,WR49,3147.99,,0
Jacory Croskey-Merritt,RB35,RB,WAS,3892,25.5,No,RB36,3094,,0
Xavier Worthy,WR50,WR,KCC,3877,23.4,No,WR50,3136,,0
Ja'Kobi Lane,WR51,WR,BAL,3837,22.2,Yes,WR52,3068,,0
Matthew Stafford,QB20,QB,LAR,3829,38.7,No,QB24,3574,,0
Rhamondre Stevenson,RB36,RB,NEP,3826,28.6,No,RB38,3041,,0
Adonai Mitchell,WR52,WR,NYJ,3824,24.0,No,WR51,3100,,0
C.J. Stroud,QB21,QB,HOU,3798,25.0,No,QB20,4347,,0
2028 Mid 2nd,,PI,,3795,,,,3137,,0
Braelon Allen,RB37,RB,NYJ,3793,22.7,No,RB35,3147,,0
Josh Jacobs,RB38,RB,GBP,3782,28.6,No,RB40,2964,,0
Mike Washington Jr.,RB39,RB,LVR,3766,23.3,Yes,RB39,3021,,0
Baker Mayfield,QB22,QB,TBB,3747,31.5,No,QB23,3578,,0
Malachi Fields,WR53,WR,NYG,3740,23.1,Yes,WR55,3002,,0
Dallas Goedert,TE19,TE,PHI,3732.11,31.8,No,TE20,3060.01,,0
Cam Ward,QB23,QB,TEN,3724,24.4,No,QB25,3558,,0
Dontayvion Wicks,WR54,WR,PHI,3721,25.3,No,WR53,3065,,0
Eli Stowers,TE20,TE,PHI,3719.44,23.5,Yes,TE19,3108.94,,0
Ollie Gordon II,RB40,RB,MIA,3716,22.7,No,RB37,3056,,0
Sam Darnold,QB24,QB,SEA,3709,29.3,No,QB21,4321,,0
Jayden Higgins,WR55,WR,HOU,3707,23.8,No,WR54,3007,,0
Wan'Dale Robinson,WR56,WR,TEN,3675,25.8,No,WR57,2913,,0
AJ Barner,TE21,TE,SEA,3623.59,24.4,No,TE21,3040.59,,0
2029 Early 2nd,,PI,,3611,,,,3034,,0
Mark Andrews,TE22,TE,BAL,3607.62,31.1,No,TE24,2982.82,,0
Pat Bryant,WR57,WR,DEN,3607,23.8,No,WR56,2980,,0
Woody Marks,RB41,RB,HOU,3589,25.8,No,RB41,2905,,0
Dalton Schultz,TE24,TE,HOU,3585.52,30.2,No,TE25,2970.62,,0
T.J. Hockenson,TE23,TE,MIN,3584.99,29.3,No,TE22,3022.89,,0
Khalil Shakir,WR58,WR,BUF,3545,26.7,No,WR61,2820,,0
Stefon Diggs,WR59,WR,WAS,3531,32.8,No,WR62,2819,,0
Kyler Murray,QB25,QB,MIN,3507,29.2,No,QB28,3407,,0
Jakobi Meyers,WR60,WR,JAC,3501,29.9,No,WR59,2848,,0
Quentin Johnston,WR61,WR,LAC,3499,25.1,No,WR68,2742,,0
Tre Tucker,WR62,WR,LVR,3498,25.6,No,WR63,2814,,0
Deebo Samuel,WR63,WR,SFO,3485,30.7,No,WR58,2852,,0
2028 Late 2nd,,PI,,3484,,,,2984,,0
Ted Hurst,WR64,WR,TBB,3479,22.3,Yes,WR60,2832,,0
Michael Mayer,TE25,TE,LVR,3476.42,25.2,No,TE23,2990.22,,0
J.K. Dobbins,RB42,RB,DEN,3471,27.8,No,RB44,2735,,0
Romeo Doubs,WR65,WR,NEP,3470,26.5,No,WR65,2762,,0
Jayden Reed,WR66,WR,GBP,3463,26.4,No,WR67,2754,,0
Jordan Mason,RB43,RB,MIN,3443,27.4,No,RB43,2751,,0
Eli Raridon,TE26,TE,NEP,3436.77,22.6,Yes,TE26,2905.47,,0
Jonathon Brooks,RB44,RB,CAR,3419,23.2,No,RB45,2720,,0
Malik Washington,WR67,WR,MIA,3396,25.8,No,WR66,2761,,0
Keaton Mitchell,RB45,RB,LAC,3373,24.7,No,RB42,2773,,0
Germie Bernard,WR68,WR,PIT,3367,22.8,Yes,WR69,2710,,0
2029 Mid 2nd,,PI,,3357,,,,2804,,0
Tony Pollard,RB46,RB,TEN,3339,29.4,No,RB46,2701,,0
Ty Simpson,QB26,QB,LAR,3337,23.8,Yes,QB26,3468,,0
Pat Freiermuth,TE27,TE,PIT,3335.27,28.0,No,TE27,2888.67,,0
Devaughn Vele,WR69,WR,NOS,3330,28.8,No,WR64,2797,,0
Tyler Allgeier,RB47,RB,ARI,3320,26.5,No,RB48,2615,,0
Malik Willis,QB27,QB,MIA,3318,27.4,No,QB29,3213,,0
Aaron Jones,RB48,RB,MIN,3315,31.8,No,RB47,2687,,0
Michael Pittman,WR70,WR,PIT,3313,29.0,No,WR74,2614.99,,0
Rico Dowdle,RB49,RB,PIT,3292,28.3,No,RB49,2609,,0
Keon Coleman,WR71,WR,BUF,3282,23.4,No,WR70,2693,,0
Tre Harris,WR72,WR,LAC,3265,24.6,No,WR71,2679,,0
Tank Bigsby,RB50,RB,PHI,3248,25.1,No,RB50,2596,,0
Courtland Sutton,WR73,WR,DEN,3235,31.0,No,WR73,2624,,0
Daniel Jones,QB28,QB,IND,3227,29.4,No,QB27,3439,,0
Chris Godwin,WR74,WR,TBB,3223,30.6,No,WR76,2564,,0
Nicholas Singleton,RB51,RB,TEN,3203,22.8,Yes,RB51,2570,,0
Chigoziem Okonkwo,TE28,TE,WAS,3170.5,27.1,No,TE29,2545.7,,0
Gunnar Helm,TE29,TE,TEN,3147.35,24.1,No,TE30,2535.75,,0
Rachaad White,RB52,RB,WAS,3142,27.7,No,RB52,2544,,0
Ricky Pearsall,WR75,WR,SFO,3137,26.1,No,WR75,2600,,0
2027 Early 3rd,,PI,,3118,,,,2643,,0
Kayshon Boutte,WR76,WR,HOU,3115,24.4,No,WR77,2512,,0
Zachariah Branch,WR77,WR,ATL,3108,22.5,Yes,WR81,2464,,0
Kenneth Gainwell,RB53,RB,TBB,3107,27.6,No,RB55,2494,,0
Hunter Henry,TE30,TE,NEP,3079.05,31.8,No,TE28,2580.75,,0
Cyrus Allen,WR78,WR,KCC,3077,23.6,Yes,WR84,2300,,0
Brian Robinson,RB54,RB,ATL,3040,27.5,No,RB54,2529,,0
2029 Late 2nd,,PI,,3029,,,,2672,,0
Cade Otton,TE31,TE,TBB,3027.78,27.5,No,TE32,2487.68,,0
Mason Taylor,TE32,TE,NYJ,3017.2,22.4,No,TE33,2413.3,,0
Elijah Arroyo,TE33,TE,SEA,3012.23,23.5,No,TE34,2407.23,,0
Jalen McMillan,WR79,WR,TBB,2990,24.8,No,WR83,2446,,0
Tyjae Spears,RB55,RB,TEN,2971,25.3,No,RB57,2407,,0
Jaylin Noel,WR80,WR,HOU,2967,24.1,No,WR79,2479,,0
Darnell Washington,TE34,TE,PIT,2963.78,25.1,No,TE31,2492.98,,0
Dylan Sampson,RB56,RB,CLE,2963,22.1,No,RB56,2458,,0
Michael Penix Jr.,QB29,QB,ATL,2957,26.4,No,QB22,3604,,0
Jaylen Wright,RB57,RB,MIA,2956.99,23.5,No,RB53,2536,,0
Isaac TeSlaa,WR81,WR,DET,2933,24.6,No,WR78,2511,,0
2027 Mid 3rd,,PI,,2932,,,,2558,,0
Chris Rodriguez,RB58,RB,JAC,2928,26.0,No,RB59,2288,,0
MarShawn Lloyd,RB59,RB,GBP,2918,25.8,No,RB61,2157,,0
Rashid Shaheed,WR82,WR,SEA,2917,28.1,No,WR82,2450,,0
Roman Wilson,WR83,WR,PIT,2915,25.3,No,WR72,2667,,0
Max Klare,TE35,TE,LAR,2897.63,23.2,Yes,TE35,2392.73,,0
Cole Kmet,TE36,TE,CHI,2862.33,27.6,No,TE37,2356.33,,0
Kaytron Allen,RB60,RB,WAS,2856,23.7,Yes,RB62,2152,,0
2028 Early 3rd,,PI,,2853,,,,2467,,0
Tory Horton,WR84,WR,SEA,2833,23.8,No,WR91,2156.99,,0
Rashod Bateman,WR85,WR,BAL,2827,26.8,No,WR80,2478,,0
Oscar Delp,TE37,TE,NOS,2824.16,23.2,Yes,TE42,2260.96,,0
Kaleb Johnson,RB61,RB,GBP,2809,23.1,No,RB60,2162,,0
Elijah Sarratt,WR86,WR,BAL,2806,23.4,Yes,WR90,2158,,0
Travis Hunter,WR87,WR,JAC,2804,23.4,No,WR88,2186,,0
Colby Parkinson,TE38,TE,LAR,2802.06,27.7,No,TE39,2320.26,,0
2027 Late 3rd,,PI,,2800,,,,2449,,0
Tank Dell,WR88,WR,HOU,2784,26.9,No,WR86,2203,,0
Jack Bech,WR89,WR,LVR,2782,23.8,No,WR87,2188,,0
Troy Franklin,WR90,WR,DEN,2759,23.7,No,WR89,2161,,0
Greg Dulcich,TE39,TE,MIA,2758.58,26.5,No,TE40,2308.68,,0
Kendre Miller,RB62,RB,NOS,2729,24.3,No,RB58,2386,,0
2028 Mid 3rd,,PI,,2720,,,,2385.99,,0
Mike Gesicki,TE40,TE,CIN,2719.98,31.0,No,TE36,2365.78,,0
Evan Engram,TE41,TE,DEN,2708.93,32.1,No,TE43,2257.93,,0
Elic Ayomanor,WR91,WR,TEN,2700,23.3,No,WR85,2226,,0
Demond Claiborne,RB63,RB,MIN,2696,23.0,Yes,RB64,2111,,0
Darren Waller,TE42,TE,CAR,2683.01,34.1,No,TE38,2343.11,,0
Theo Johnson,TE43,TE,NYG,2670.28,25.6,No,TE44,2116.98,,0
Chris Brazzell II,WR92,WR,CAR,2670,23.0,Yes,WR94,2100,,0
Kevin Coleman,WR93,WR,MIA,2622,23.1,Yes,WR92,2112,,0
Demario Douglas,WR94,WR,NEP,2617,25.8,No,WR99,2033,,0
Dawson Knox,TE44,TE,BUF,2615.04,29.9,No,TE41,2298.24,,0
Kyle Williams,WR95,WR,NEP,2612,23.9,No,WR98,2042,,0
Alvin Kamara,RB64,RB,NOS,2604,31.2,No,RB63,2150,,0
Ryan Flournoy,WR96,WR,DAL,2590,26.9,No,WR96,2068,,0
Jalen Nailor,WR97,WR,LVR,2588,27.6,No,WR95,2071,,0
Skyler Bell,WR98,WR,BUF,2586,24.2,Yes,WR97,2052,,0
Xavier Hutchinson,WR99,WR,HOU,2583,26.4,No,WR93,2106,,0
David Njoku,TE45,TE,LAC,2547.36,30.2,No,TE45,2090.86,,0
Sean Tucker,RB65,RB,TBB,2534,25.0,No,RB68,1920,,0
Kimani Vidal,RB66,RB,LAC,2523,25.1,No,RB67,1976,,0
2029 Early 3rd,,PI,,2513,,,,2199,,0
2028 Late 3rd,,PI,,2505,,,,2147,,0
Bryce Lance,WR100,WR,NOS,2488,24.1,Yes,WR105,1915,,0
Emanuel Wilson,RB67,RB,SEA,2469,27.4,No,RB65,2096,,0
Zavion Thomas,WR101,WR,CHI,2467,22.6,Yes,WR102,1973,,0
Tez Johnson,WR102,WR,TBB,2463,24.4,No,WR103,1946,,0
Raheim Sanders,RB68,RB,CLE,2443,24.3,No,RB66,2014,,0
Jordan James,RB69,RB,SFO,2429,22.5,No,RB73,1834,,0
Jerry Jeudy,WR103,WR,CLE,2418,27.4,No,WR106,1899,,0
Seth McGowan,RB70,RB,IND,2416,25.0,Yes,RB71,1884,,0
Chimere Dike,WR104,WR,TEN,2413,24.8,No,WR104,1933,,0
Isaiah Davis,RB71,RB,NYJ,2411,24.6,No,RB70,1885,,0
George Holani,RB72,RB,SEA,2409,26.8,No,RB69,1917,,0
Tyquan Thornton,WR105,WR,KCC,2396,26.2,No,WR100,1997,,0
2029 Mid 3rd,,PI,,2395,,,,2104,,0
Jauan Jennings,WR106,WR,MIN,2392,29.2,No,WR107,1857,,0
Jaylin Lane,WR107,WR,WAS,2382,24.4,No,WR101,1985,,0
Adam Randall,RB73,RB,BAL,2378,22.2,Yes,RB72,1880,,0
Jake Tonges,TE46,TE,SFO,2325.67,27.2,No,TE47,1929.67,,0
Trevor Etienne,RB74,RB,CAR,2324,22.2,No,RB74,1806,,0
Shedeur Sanders,QB30,QB,CLE,2318,24.7,No,QB38,2325,,0
Ray Davis,RB75,RB,BUF,2316,26.9,No,RB76,1790,,0
2027 Early 4th,,PI,,2292,,,,2013.99,,0
Marvin Mims,WR108,WR,DEN,2282,24.6,No,WR108,1844,,0
Noah Fant,TE47,TE,NOS,2277.17,28.9,No,TE46,1963.67,,0
Jalon Daniels,QB31,QB,TBB,2261,23.9,Yes,QB39,2180,,0
2029 Late 3rd,,PI,,2252,,,,1955,,0
Jacoby Brissett,QB32,QB,ARI,2246,33.8,No,QB32,2628,,0
Jalen Royals,WR109,WR,KCC,2241,23.6,No,WR111,1813,,0
Isaiah Bond,WR110,WR,CLE,2223,22.6,No,WR114,1740,,0
Xavier Legette,WR111,WR,CAR,2222,25.7,No,WR110,1824,,0
Joshua Palmer,WR112,WR,BUF,2220,27.0,No,WR109,1833,,0
Will Shipley,RB76,RB,PHI,2218,24.1,No,RB75,1797,,0
Tyrone Tracy,RB77,RB,NYG,2214,26.9,No,RB78,1686,,0
2027 Mid 4th,,PI,,2213,,,,1910,,0
Keenan Allen,WR113,WR,IND,2207,34.4,No,WR117,1713,,0
LeQuint Allen,RB78,RB,JAC,2204,22.2,No,RB77,1778,,0
Ja'Tavion Sanders,TE48,TE,CAR,2200.54,23.5,No,TE50,1811.14,,0
Ben Sinnott,TE49,TE,WAS,2181.79,24.3,No,TE52,1741.79,,0
Tyler Higbee,TE50,TE,LAR,2175.15,33.8,No,TE48,1896.85,,0
Noah Gray,TE51,TE,KCC,2144.2,27.4,No,TE51,1794.4,,0
DJ Giddens,RB79,RB,IND,2117,23.1,No,RB81,1617,,0
Luke Musgrave,TE52,TE,GBP,2111.05,26.1,No,TE53,1743.65,,0
2028 Early 4th,,PI,,2094,,,,1843,,0
Brashard Smith,RB80,RB,KCC,2091,23.5,No,RB79,1668,,0
Cooper Kupp,WR114,WR,SEA,2087,33.3,No,WR113,1747,,0
Dont'e Thornton,WR115,WR,LVR,2083,23.8,No,WR121,1605,,0
Konata Mumpfield,WR116,WR,LAR,2079,24.0,No,WR115,1736,,0
Justin Joly,TE53,TE,MIA,2070.25,22.2,Yes,TE54,1742.45,,0
Kalif Raymond,WR117,WR,CHI,2053,32.2,No,WR112,1800,,0
Matthew Hibner,TE54,TE,BAL,2042.65,24.6,Yes,TE49,1847.95,,0
2027 Late 4th,,PI,,2040,,,,1839,,0
Darnell Mooney,WR118,WR,NYG,2028,28.9,No,WR120,1622,,0
Justice Hill,RB81,RB,BAL,2014,28.9,No,RB82,1610,,0
Isiah Pacheco,RB82,RB,DET,2011,27.6,No,RB83,1585,,0
Barion Brown,WR119,WR,NOS,2008,22.8,Yes,WR119,1629,,0
Chris Brooks,RB83,RB,GBP,1999,26.7,No,RB85,1538,,0
Eli Heidenreich,RB84,RB,PIT,1996,23.3,Yes,RB80,1651,,0
Jalen Milroe,QB33,QB,SEA,1991,23.8,No,QB44,1966,,0
Malik Benson,WR120,WR,LVR,1969,24.0,Yes,WR124,1552,,0
Mack Hollins,WR121,WR,NEP,1967,33.0,No,WR116,1721,,0
Brenen Thompson,WR122,WR,LAC,1966,23.2,Yes,WR118,1659,,0
Trey Benson,RB85,RB,ARI,1957,24.2,No,RB84,1567,,0
Charlie Kolar,TE55,TE,LAC,1952.2,27.6,No,TE55,1666.2,,0
J.J. McCarthy,QB34,QB,NYG,1947,23.7,No,QB37,2371,,0
2028 Mid 4th,,PI,,1940,,,,1624,,0
Tommy Tremble,TE56,TE,CAR,1938.38,26.3,No,TE57,1633.68,,0
Jahan Dotson,WR123,WR,ATL,1930,26.5,No,WR123,1558,,0
Erick All,TE57,TE,CIN,1926.8,26.1,No,TE58,1609.99,,0
Carson Beck,QB35,QB,ARI,1924,24.9,Yes,QB33,2547,,0
Marlin Klein,TE58,TE,HOU,1919.0,24.0,Yes,TE56,1641.8,,0
Mac Jones,QB36,QB,SFO,1913,28.1,No,QB35,2418,,0
Kendrick Bourne,WR124,WR,ARI,1881,31.2,No,WR122,1591,,0
Najee Harris,RB86,RB,NYG,1880.99,28.6,No,RB88,1468,,0
Zach Ertz,TE59,TE,PHI,1874.85,35.9,No,TE59,1584.45,,0
Malik Davis,RB87,RB,DAL,1848,27.9,No,RB86,1516,,0
2029 Early 4th,,PI,,1838,,,,1578,,0
Christian Kirk,WR125,WR,SFO,1833,29.9,No,WR126,1478,,0
Roschon Johnson,RB88,RB,CHI,1816,25.7,No,RB91,1394,,0
Devontez Walker,WR126,WR,BAL,1808,25.3,No,WR127,1451,,0
Geno Smith,QB37,QB,NYJ,1797,36.0,No,QB34,2520,,0
Kirk Cousins,QB38,QB,LVR,1792,38.1,No,QB31,2644,,0
Cade Stover,TE60,TE,HOU,1781.53,26.3,No,TE60,1546.13,,0
Treylon Burks,WR127,WR,WAS,1777,26.5,No,WR128,1439,,0
Anthony Richardson,QB39,QB,IND,1767,24.4,No,QB47,1796,,0
Josh Cameron,WR128,WR,JAC,1759,23.6,Yes,WR125,1550,,0
Daniel Bellinger,TE61,TE,TEN,1747.33,26.0,No,TE63,1514.13,,0
Devin Singletary,RB89,RB,NYG,1747,29.1,No,RB90,1419,,0
Tua Tagovailoa,QB40,QB,ATL,1744,28.6,No,QB48,1744,,0
Andrei Iosivas,WR129,WR,CIN,1742,27.0,No,WR130,1372,,0
Sione Vaki,RB90,RB,DET,1732,25.2,No,RB89,1462,,0
Tahj Brooks,RB91,RB,CIN,1731,24.4,No,RB93,1288,,0
Jarquez Hunter,RB92,RB,MIA,1726,23.8,No,RB94,1286,,0
Sam Roush,TE62,TE,CHI,1724.66,23.1,Yes,TE62,1536.56,,0
Joe Mixon,RB93,RB,FA,1722,30.2,No,RB87,1489,,0
Savion Williams,WR130,WR,GBP,1710,24.9,No,WR132,1347,,0
2029 Mid 4th,,PI,,1706,,,,1415,,0
Jack Endries,TE63,TE,CIN,1704.28,22.5,Yes,TE61,1543.68,,0
Jonnu Smith,TE64,TE,GBP,1693.19,31.1,No,TE65,1418.19,,0
Mitchell Evans,TE65,TE,CAR,1692.66,23.6,No,TE64,1496.86,,0
Tutu Atwell,WR131,WR,LAR,1689,27.0,No,WR138,1295,,0
2028 Late 4th,,PI,,1670,,,,1502,,0
John Metchie,WR132,WR,CAR,1668,26.2,No,WR131,1367,,0
Deion Burks,WR133,WR,IND,1659,23.7,Yes,WR133,1332,,0
Jalen Tolbert,WR134,WR,MIA,1653,27.6,No,WR137,1300,,0
Luke McCaffrey,WR135,WR,WAS,1642,25.5,No,WR139,1269,,0
Justin Fields,QB41,QB,KCC,1634,27.6,No,QB51,1498,,0
Michael Trigg,TE66,TE,DAL,1629.24,24.3,Yes,TE66,1401.54,,0
Jordan Whittington,WR136,WR,LAR,1621,26.0,No,WR134,1318,,0
Jaydon Blue,RB94,RB,PHI,1614,22.7,No,RB96,1240,,0
Elijah Higgins,TE67,TE,ARI,1601.64,25.9,No,TE69,1307.94,,0
Jordan Watkins,WR137,WR,SFO,1585,24.6,No,WR135,1308,,0
Jahdae Walker,WR138,WR,CHI,1575,24.2,No,WR129,1387,,0
Emari Demercado,RB95,RB,DAL,1574.99,27.7,No,RB92,1299.99,,0
Dyami Brown,WR139,WR,WAS,1571,26.9,No,WR140,1246,,0
Cade Klubnik,QB42,QB,NYJ,1560,23.0,Yes,QB45,1923,,0
Ty Johnson,RB96,RB,BUF,1547,29.0,No,RB95,1273,,0
James Conner,RB97,RB,ARI,1544,31.4,No,RB97,1205,,0
KeAndre Lambert-Smith,WR140,WR,LAC,1524,25.0,No,WR149,1171,,0
Colbie Young,WR141,WR,CIN,1523,24.2,Yes,WR136,1307.99,,0
2029 Late 4th,,PI,,1522.99,,,,1268.99,,0
Aaron Rodgers,QB43,QB,PIT,1510,42.8,No,QB42,2016,,0
Will Howard,QB44,QB,PIT,1506,25.0,No,QB49,1665,,0
Jacob Cowing,WR142,WR,SFO,1495,25.7,No,WR143,1227,,0
Cedric Tillman,WR143,WR,NOS,1489,26.5,No,WR144,1218,,0
Trey Palmer,WR144,WR,NOS,1485,25.5,No,WR145,1217.99,,0
Davis Allen,TE68,TE,LAR,1481.54,25.7,No,TE70,1262.64,,0
Tai Felton,WR145,WR,MIN,1478,23.6,No,WR147,1189,,0
Kameron Johnson,WR147,WR,TBB,1475,24.6,No,WR141,1243,,0
Olamide Zaccheaus,WR146,WR,ATL,1474.99,29.2,No,WR148,1186,,0
Tyreek Hill,WR148,WR,FA,1471,32.6,No,WR146,1204,,0
Calvin Ridley,WR149,WR,TEN,1466,31.8,No,WR150,1141,,0
Tanner Koziol,TE69,TE,JAC,1454.47,23.7,Yes,TE67,1349.97,,0
Jameis Winston,QB45,QB,NYG,1454,32.8,No,QB46,1805.99,,0
Will Kacmarek,TE70,TE,MIA,1453.89,23.6,Yes,TE68,1342.79,,0
Jaleel McLaughlin,RB98,RB,CLE,1441,26.1,No,RB98,1190,,0
Samaje Perine,RB99,RB,CIN,1440,31.0,No,RB100,1181,,0
Luke Schoonmaker,TE71,TE,DAL,1439.54,28.0,No,TE71,1243.74,,0
Devin Neal,RB100,RB,MIN,1436,23.2,No,RB103,1109,,0
Malachi Corley,WR150,WR,CLE,1425,24.5,No,WR151,1125,,0
Skyy Moore,WR151,WR,GBP,1414,26.1,No,WR142,1241,,0
Jimmy Horn,WR152,WR,CLE,1409,24.1,No,WR152,1108,,0
Jacob Saylors,RB102,RB,DET,1392,25.6,No,RB99,1188,,0
Audric Estime,RB101,RB,MIN,1391.99,23.1,No,RB104,1102,,0
J'Mari Taylor,RB103,RB,JAC,1384,24.7,Yes,RB101,1139,,0
Joe Milton,QB46,QB,DAL,1378,26.6,No,QB53,1371.99,,0
Rasheen Ali,RB104,RB,BAL,1355,25.6,No,RB102,1108.99,,0
CJ Daniels,WR153,WR,LAR,1348,24.8,Yes,WR153,1106,,0
Jonathan Mingo,WR154,WR,DAL,1343,25.5,No,WR159,1044,,0
Isaac Guerendo,RB105,RB,SFO,1342,26.3,No,RB105,1092,,0
Marcus Mariota,QB47,QB,WAS,1337,32.9,No,QB41,2092,,0
Brevin Jordan,TE72,TE,HOU,1332.54,26.2,No,TE73,1130.14,,0
Marquise Brown,WR155,WR,PHI,1308,29.3,No,WR157,1060,,0
Quinn Ewers,QB48,QB,JAC,1305,23.4,No,QB55,1320,,0
Greg Dortch,WR156,WR,BUF,1295,28.4,No,WR155,1073,,0
Demarcus Robinson,WR157,WR,SFO,1270,32.0,No,WR154,1095,,0
Tyler Badie,RB106,RB,DEN,1262,26.7,No,RB106,1076,,0
Efton Chism,WR158,WR,NEP,1258,24.9,No,WR158,1048,,0
Jared Wiley,TE73,TE,KCC,1244.87,25.9,No,TE74,1128.27,,0
Garrett Nussmeier,QB49,QB,KCC,1244,24.7,Yes,QB54,1358,,0
Brock Wright,TE74,TE,DET,1242.62,27.8,No,TE72,1142.52,,0
Calvin Austin III,WR159,WR,NYG,1219,27.5,No,WR160,1034,,0
Elijah Moore,WR160,WR,PHI,1218,26.5,No,WR162,997,,0
Cody White,WR161,WR,LVR,1212,27.8,No,WR156,1071,,0
KaVontae Turpin,WR162,WR,DAL,1205,30.2,No,WR161,1004,,0
Jalin Hyatt,WR163,WR,NYG,1186,25.0,No,WR164,973,,0
Tyler Goodson,RB107,RB,DAL,1172,25.9,No,RB107,1016,,0
Deshaun Watson,QB50,QB,CLE,1166,31.1,No,QB30,2650,,0
Darius Slayton,WR164,WR,IND,1141,29.7,No,WR163,985,,0
Austin Ekeler,RB108,RB,WAS,1139,31.4,No,RB108,968,,0
Jeremy Ruckert,TE75,TE,NYJ,1136.35,26.2,No,TE75,964.75,,0
Gabriel Davis,WR165,WR,BUF,1110,27.5,No,WR165,929,,0
Foster Moreau,TE76,TE,HOU,1099.95,29.4,No,TE76,965.75,,0
Xavier Restrepo,WR166,WR,TEN,1092,24.5,No,WR168,876,,0
Tyson Bagent,QB51,QB,CHI,1087,26.3,No,QB43,2007,,0
Javon Baker,WR167,WR,SFO,1082,24.6,No,WR166,908,,0
David Bell,WR168,WR,CLE,1078,25.8,No,WR167,892,,0
Frank Gore Jr.,RB109,RB,BUF,1068,24.6,No,RB112,840,,0
Bam Knight,RB110,RB,ARI,1045,25.5,No,RB111,850,,0
Riley Leonard,QB52,QB,IND,1042,24.1,No,QB56,1314,,0
Jerome Ford,RB111,RB,MIN,1039,27.1,No,RB116,782,,0
AJ Dillon,RB112,RB,CAR,1034,28.4,No,RB109,952,,0
Kalel Mullings,RB113,RB,TEN,1029,24.0,No,RB110,869,,0
Carson Wentz,QB53,QB,MIN,997,33.8,No,QB50,1647,,0
Arian Smith,WR169,WR,NYJ,993,25.0,No,WR172,764,,0
Spencer Rattler,QB54,QB,NOS,976,26.0,No,QB59,1136,,0
Dohnte Meyers,WR170,WR,CIN,975,26.2,No,WR171,776,,0
Israel Abanikanda,RB114,RB,DAL,969,24.0,No,RB117,771,,0
Dameon Pierce,RB115,RB,PHI,959,26.6,No,RB113,805,,0
Mason Tipton,WR171,WR,NOS,950,26.0,No,WR170,787,,0
Bo Melton,WR172,WR,GBP,948,27.4,No,WR169,789,,0
Kendall Milton,RB116,RB,CIN,946,24.6,No,RB114,794,,0
Dillon Gabriel,QB55,QB,CLE,942,25.8,No,QB58,1145,,0
Phil Mafah,RB117,RB,NYG,937,24.0,No,RB119,743,,0
Xavier Gipson,WR173,WR,PHI,934,25.6,No,WR173,742,,0
Drew Lock,QB56,QB,SEA,926,29.9,No,QB40,2095,,0
Thomas Fidone,TE79,TE,NYG,913.65,24.0,No,TE77,805.85,,0
Michael Carter,RB118,RB,TEN,906,27.4,No,RB120,730,,0
Le'Veon Moss,RB119,RB,MIA,868,23.9,Yes,RB118,763,,0
Nick Westbrook-Ikhine,WR174,WR,IND,865,29.5,No,WR174,731,,0
Reggie Virgil,WR175,WR,ARI,864.99,22.4,Yes,WR175,686,,0
Khalil Herbert,RB120,RB,ATL,841,28.5,No,RB115,786,,0
Jake Bobo,WR176,WR,SEA,769,28.2,No,WR178,522,,0
LaJohntay Wester,WR177,WR,BAL,763,24.5,No,WR179,505,,0
Isaiah Hodgins,WR178,WR,PIT,742,28.0,No,WR176,600,,0
Tyrell Shavers,WR179,WR,BUF,741,27.1,No,WR182,479,,0
Johnny Wilson,WR180,WR,PHI,721,25.5,No,WR185,468,,0
Lil'Jordan Humphrey,WR181,WR,DEN,718,28.5,No,WR177,534,,0
Dylan Laube,RB121,RB,LVR,710,26.8,No,RB121,515,,0
Derius Davis,WR182,WR,LAC,672,26.1,No,WR180,489,,0
Julius Chestnut,RB123,RB,TEN,658,25.9,No,RB122,475,,0
Zamir White,RB124,RB,NOS,640,27.0,No,RB124,470,,0
Tyler Johnson,WR184,WR,NYJ,620,28.1,No,WR181,487,,0
Sincere McCormick,RB126,RB,SFO,597,26.1,No,RB125,469,,0
Brandin Cooks,WR185,WR,SFO,595,33.0,No,WR184,474,,0
Travis Homer,RB127,RB,PIT,587,28.2,No,RB126,464,,0
Tyler Huntley,QB57,QB,BAL,584,28.7,No,QB60,1124,,0
Zavier Scott,RB128,RB,CHI,575,27.2,No,RB123,473,,0
Sam Howell,QB58,QB,DAL,563,26.0,No,QB64,797,,0
Damien Martinez,RB130,RB,FA,562,22.7,No,RB128,455,,0
Tyler Scott,WR189,WR,LVR,561,25.0,No,WR183,478,,0
Trey Lance,QB60,QB,LAC,551,26.4,No,QB63,814,,0
Kenny Pickett,QB62,QB,CAR,550,28.3,No,QB69,691,,0
Joe Flacco,QB63,QB,CIN,549,41.7,No,QB70,621,,0
Elijah Mitchell,RB141,RB,FA,547,28.4,No,RB127,460,,0
Curtis Samuel,WR206,WR,FA,542,30.2,No,WR186,454,,0
Will Levis,QB66,QB,NYJ,538,27.3,No,QB71,528,,0
Tanner McKee,QB67,QB,PHI,478,26.4,No,QB62,875.99,,0
Gardner Minshew,QB69,QB,ARI,411,30.4,No,QB68,760,,0
Jack Strand,QB78,QB,ATL,358,22.3,Yes,QB57,1256,,0
Davis Mills,QB79,QB,HOU,302,28.0,No,QB61,1045,,0
Drew Allar,QB81,QB,PIT,295,22.6,Yes,QB36,2374,,0
Kyle McCord,QB83,QB,MIA,286,24.0,No,QB67,780,,0
Stetson Bennett,QB85,QB,LAR,264,28.9,No,QB66,796,,0
Jarrett Stidham,QB91,QB,DEN,250,30.2,No,QB73,453.99,,0
Case Keenum,QB99,QB,CHI,238,38.6,No,QB65,795.99,,0
Taylen Green,QB100,QB,CLE,219,24.0,Yes,QB52,1487,,0
Cole Payton,QB104,QB,PHI,199,23.9,Yes,QB72,472,,0
