"Last updated: October 07, 2026 10:54 PM UTC"
Updated 10/07/26 at 10:54pm,Position Rank,Position,Team,Value,Age,Rookie,1QBPosition Rank,1QBValue,RdrftPosition Rank,RdrftValue
Jaxon Smith-Njigba,WR1,WR,SEA,9999,24.6,No,WR1,9999,,0
Bijan Robinson,RB1,RB,ATL,9998,24.7,No,RB1,9998,,0
Jahmyr Gibbs,RB2,RB,DET,9989,24.6,No,RB2,9990,,0
Josh Allen,QB1,QB,BUF,9988,30.4,No,QB1,7817,,0
Ja'Marr Chase,WR2,WR,CIN,8863,26.6,No,WR2,8993,,0
Brock Bowers,TE1,TE,LVR,8207,23.8,No,TE1,8158,,0
Amon-Ra St. Brown,WR3,WR,DET,7828,27.0,No,WR3,7943,,0
Puka Nacua,WR4,WR,LAR,7805,25.4,No,WR4,7808,,0
Caleb Williams,QB2,QB,CHI,7620,24.9,No,QB3,6107,,0
CeeDee Lamb,WR5,WR,DAL,7542,27.5,No,WR5,7506,,0
Kenneth Walker III,RB3,RB,KCC,7456,26.0,No,RB3,7661,,0
Trey McBride,TE2,TE,ARI,7434,26.9,No,TE2,7521,,0
Lamar Jackson,QB3,QB,BAL,7424,29.8,No,QB2,6312,,0
Ashton Jeanty,RB4,RB,LVR,7396,22.8,No,RB4,7520,,0
Justin Jefferson,WR6,WR,MIN,7126,27.3,No,WR6,7153,,0
Jeremiyah Love,RB5,RB,ARI,7110,21.4,Yes,RB5,7328,,0
2027 Early 1st,,PI,,6999,,,,7181,,0
Brock Purdy,QB4,QB,SFO,6936,26.8,No,QB7,5374,,0
Drake London,WR7,WR,ATL,6860,25.2,No,WR7,7038,,0
Joe Burrow,QB5,QB,CIN,6823,29.8,No,QB4,5734,,0
Malik Nabers,WR8,WR,NYG,6804,23.2,No,WR8,6982,,0
Jonathan Taylor,RB6,RB,IND,6762,27.7,No,RB6,7022,,0
Chris Olave,WR9,WR,NOS,6706,26.3,No,WR9,6965,,0
Trevor Lawrence,QB6,QB,JAC,6665,27.0,No,QB8,5282,,0
Drake Maye,QB7,QB,NEP,6568,24.1,No,QB5,5624,,0
Tetairoa McMillan,WR10,WR,CAR,6550,23.5,No,WR10,6755,,0
James Cook,RB7,RB,BUF,6518,27.0,No,RB7,6859,,0
Patrick Mahomes,QB8,QB,KCC,6495,31.0,No,QB9,5249,,0
Zay Flowers,WR11,WR,BAL,6424,26.1,No,WR11,6601,,0
Garrett Wilson,WR12,WR,NYJ,6070,26.2,No,WR13,6365,,0
Nico Collins,WR13,WR,HOU,6032,27.6,No,WR12,6390,,0
Jayden Daniels,QB9,QB,WAS,5981,25.8,No,QB6,5381,,0
George Pickens,WR14,WR,DAL,5888,25.6,No,WR14,6242,,0
2027 Mid 1st,,PI,,5878,,,,6152,,0
Tyler Shough,QB10,QB,NOS,5871,27.0,No,QB12,4727,,0
Bryce Young,QB11,QB,CAR,5843,25.2,No,QB19,4049,,0
Parker Washington,WR15,WR,JAC,5830,24.6,No,WR15,6228,,0
Chase Brown,RB8,RB,CIN,5776,26.6,No,RB8,6237,,0
Tyler Warren,TE3,TE,IND,5730,24.4,No,TE3,6116,,0
Jalen Hurts,QB12,QB,PHI,5629,28.2,No,QB10,5114,,0
Jaxson Dart,QB13,QB,NYG,5620,23.4,No,QB11,4733,,0
Christian McCaffrey,RB9,RB,SFO,5560,30.3,No,RB10,6113,,0
De'Von Achane,RB10,RB,MIA,5555,25.0,No,RB12,6062,,0
2028 Early 1st,,PI,,5505,,,,5999,,0
DeVonta Smith,WR16,WR,PHI,5500,27.9,No,WR18,5978,,0
Kyren Williams,RB11,RB,LAR,5472,26.1,No,RB9,6167,,0
Omarion Hampton,RB12,RB,LAC,5466,23.6,No,RB13,6046,,0
Breece Hall,RB13,RB,NYJ,5417,25.4,No,RB11,6096,,0
Bo Nix,QB14,QB,DEN,5396,26.6,No,QB15,4518,,0
Dak Prescott,QB15,QB,DAL,5378,33.2,No,QB14,4571,,0
Carnell Tate,WR17,WR,TEN,5368,21.7,Yes,WR17,6011,,0
Luther Burden,WR18,WR,CHI,5330,22.8,No,WR16,6021,,0
Fernando Mendoza,QB16,QB,LVR,5291,23.0,Yes,QB16,4400,,0
Colston Loveland,TE4,TE,CHI,5286,22.5,No,TE4,5857,,0
Emeka Egbuka,WR19,WR,TBB,5221,24.0,No,WR22,5796,,0
Tee Higgins,WR20,WR,CIN,5184,27.7,No,WR19,5907,,0
Ladd McConkey,WR21,WR,LAC,5129,24.9,No,WR21,5797,,0
Christian Watson,WR22,WR,GBP,5109,27.4,No,WR20,5811,,0
Justin Herbert,QB17,QB,LAC,5082,28.6,No,QB13,4625,,0
Javonte Williams,RB14,RB,DAL,5056,26.4,No,RB14,5883,,0
Derrick Henry,RB15,RB,BAL,5053,32.8,No,RB15,5819,,0
2027 Late 1st,,PI,,5049,,,,5666,,0
Quinshon Judkins,RB16,RB,CLE,5047,22.9,No,RB16,5807,,0
Matthew Golden,WR23,WR,GBP,5019,23.2,No,WR23,5754,,0
Denzel Boston,WR24,WR,CLE,4913,22.8,Yes,WR24,5612,,0
Bhayshul Tuten,RB17,RB,JAC,4876,23.6,No,RB17,5642,,0
Jordan Love,QB18,QB,GBP,4871,27.9,No,QB17,4283,,0
Harold Fannin,TE5,TE,CLE,4817,22.2,No,TE5,5402,,0
Jordyn Tyson,WR25,WR,NOS,4794,22.2,Yes,WR25,5605,,0
Bucky Irving,RB18,RB,TBB,4759,24.1,No,RB18,5515,,0
Jared Goff,QB19,QB,DET,4677,32.0,No,QB18,4060,,0
2028 Mid 1st,,PI,,4663,,,,5243,,0
Jalen Coker,WR26,WR,CAR,4645,24.9,No,WR27,5270,,0
Kenyon Sadiq,TE6,TE,NYJ,4644.99,21.6,Yes,TE7,5215,,0
Tucker Kraft,TE7,TE,GBP,4635,25.9,No,TE6,5308,,0
Cam Skattebo,RB19,RB,NYG,4633,24.7,No,RB19,5423,,0
2029 Early 1st,,PI,,4627,,,,5231,,0
Rashee Rice,WR27,WR,KCC,4567,26.5,No,WR28,5258,,0
Jaylen Waddle,WR28,WR,DEN,4546,27.9,No,WR26,5293,,0
TreVeyon Henderson,RB20,RB,NEP,4543,24.0,No,RB22,5278,,0
D'Andre Swift,RB21,RB,CHI,4538,27.7,No,RB20,5413,,0
Saquon Barkley,RB22,RB,PHI,4519,29.6,No,RB21,5281.99,,0
Michael Wilson,WR29,WR,ARI,4518.99,26.6,No,WR29,5220,,0
KC Concepcion,WR30,WR,CLE,4478,22.0,Yes,WR30,5138,,0
C.J. Stroud,QB20,QB,HOU,4452,25.0,No,QB20,3820,,0
Sam LaPorta,TE8,TE,DET,4444,25.7,No,TE8,5170,,0
A.J. Brown,WR31,WR,NEP,4390,29.3,No,WR31,5119,,0
Jadarian Price,RB23,RB,SEA,4370,23.0,Yes,RB23,5132,,0
Rome Odunze,WR32,WR,CHI,4318,24.3,No,WR32,5013,,0
Chuba Hubbard,RB24,RB,CAR,4297,27.3,No,RB24,4970,,0
Sam Darnold,QB21,QB,SEA,4273,29.3,No,QB22,3703,,0
2028 Late 1st,,PI,,4266,,,,4800,,0
Jameson Williams,WR33,WR,DET,4246,25.5,No,WR33,4857,,0
Dalton Kincaid,TE9,TE,BUF,4208,27.0,No,TE9,4894,,0
2029 Mid 1st,,PI,,4140,,,,4696,,0
Makai Lemon,WR34,WR,PHI,4106,22.4,Yes,WR34,4790,,0
Kyle Monangai,RB25,RB,CHI,3916,24.3,No,RB25,4611,,0
Davante Adams,WR35,WR,LAR,3880,33.8,No,WR35,4582,,0
2027 Early 2nd,,PI,,3850,,,,4524,,0
George Kittle,TE10,TE,SFO,3793,33.0,No,TE10,4498,,0
Isaiah Likely,TE11,TE,NYG,3788,26.5,No,TE11,4472,,0
Jaylen Warren,RB26,RB,PIT,3748,27.9,No,RB26,4523,,0
2029 Late 1st,,PI,,3747,,,,4368,,0
Michael Penix Jr.,QB22,QB,ATL,3729,26.4,No,QB29,3005,,0
Josh Downs,WR36,WR,IND,3695,25.2,No,WR37,4411,,0
Jordan Addison,WR37,WR,MIN,3627,24.7,No,WR36,4464,,0
D.J. Moore,WR38,WR,BUF,3619,29.5,No,WR38,4399.99,,0
Matthew Stafford,QB23,QB,LAR,3575,38.7,No,QB21,3794,,0
Baker Mayfield,QB24,QB,TBB,3541,31.5,No,QB23,3701,,0
De'Zhaun Stribling,WR39,WR,SFO,3537,23.8,Yes,WR39,4288,,0
Cam Ward,QB25,QB,TEN,3525,24.4,No,QB24,3697,,0
2027 Mid 2nd,,PI,,3508,,,,4238,,0
Blake Corum,RB27,RB,LAR,3500,25.9,No,RB27,4326,,0
Ty Simpson,QB26,QB,LAR,3478,23.8,Yes,QB27,3318,,0
Travis Etienne,RB28,RB,NOS,3449,27.7,No,RB28,4286,,0
Daniel Jones,QB27,QB,IND,3408,29.4,No,QB28,3223,,0
Brian Thomas Jr.,WR40,WR,JAC,3407,24.0,No,WR42,4164,,0
Zach Charbonnet,RB29,RB,SEA,3382,25.7,No,RB29,4246,,0
RJ Harvey,RB30,RB,DEN,3378,25.7,No,RB31,4160,,0
Alec Pierce,WR41,WR,IND,3377,26.4,No,WR41,4168,,0
Marvin Harrison Jr.,WR42,WR,ARI,3356,24.2,No,WR40,4212,,0
Kyler Murray,QB28,QB,MIN,3351,29.2,No,QB25,3508,,0
Jonah Coleman,RB31,RB,DEN,3348,23.1,Yes,RB30,4202,,0
2028 Early 2nd,,PI,,3295,,,,4021,,0
Mike Evans,WR43,WR,SFO,3292,33.1,No,WR47,4011,,0
DK Metcalf,WR44,WR,PIT,3260,28.8,No,WR43,4097,,0
Omar Cooper Jr.,WR45,WR,NYJ,3259,22.8,Yes,WR45,4059,,0
Terrance Ferguson,TE12,TE,LAR,3232,23.6,No,TE12,4025,,0
Kyle Pitts,TE13,TE,ATL,3228,26.0,No,TE13,3963,,0
Antonio Williams,WR46,WR,WAS,3215,22.2,Yes,WR44,4093,,0
2027 Late 2nd,,PI,,3214.99,,,,3964,,0
Terry McLaurin,WR47,WR,WAS,3200,31.1,No,WR46,4032,,0
Chris Bell,WR48,WR,MIA,3196,22.3,Yes,WR48,3998,,0
Malik Willis,QB29,QB,MIA,3190,27.4,No,QB26,3320,,0
2028 Mid 2nd,,PI,,3178,,,,3784,,0
David Montgomery,RB32,RB,HOU,3169,29.3,No,RB32,4094,,0
Braelon Allen,RB33,RB,NYJ,3147,22.7,No,RB37,3819.99,,0
Juwan Johnson,TE14,TE,NOS,3142,30.1,No,TE14,3811,,0
Ollie Gordon II,RB34,RB,MIA,3134,22.7,No,RB38,3814,,0
Emmett Johnson,RB35,RB,KCC,3133,23.0,Yes,RB33,3939,,0
Xavier Worthy,WR49,WR,KCC,3129,23.4,No,WR50,3881,,0
Kaelon Black,RB36,RB,SFO,3125,25.0,Yes,RB34,3938,,0
Ja'Kobi Lane,WR50,WR,BAL,3110,22.2,Yes,WR51,3823,,0
Rhamondre Stevenson,RB37,RB,NEP,3107,28.6,No,RB35,3895,,0
Caleb Douglas,WR51,WR,MIA,3091,23.1,Yes,WR49,3905,,0
Jake Ferguson,TE15,TE,DAL,3090.99,27.7,No,TE15,3778,,0
Jacory Croskey-Merritt,RB38,RB,WAS,3082,25.5,No,RB36,3874,,0
2029 Early 2nd,,PI,,3072,,,,3626,,0
Adonai Mitchell,WR52,WR,NYJ,3038,24.0,No,WR52,3764,,0
Jayden Higgins,WR54,WR,HOU,3009,23.8,No,WR54,3723,,0
Dontayvion Wicks,WR53,WR,PHI,3008.99,25.3,No,WR55,3672,,0
Mike Washington Jr.,RB39,RB,LVR,2996,23.3,Yes,RB39,3743,,0
Malachi Fields,WR55,WR,NYG,2995.99,23.1,Yes,WR53,3730,,0
2028 Late 2nd,,PI,,2957,,,,3513,,0
Pat Bryant,WR56,WR,DEN,2950,23.8,No,WR57,3631,,0
Wan'Dale Robinson,WR57,WR,TEN,2921,25.8,No,WR56,3668,,0
Josh Jacobs,RB40,RB,GBP,2915,28.6,No,RB40,3709,,0
Travis Kelce,TE16,TE,KCC,2913,37.0,No,TE16,3619,,0
Romeo Doubs,WR58,WR,NEP,2906,26.5,No,WR58,3591,,0
Woody Marks,RB41,RB,HOU,2903,25.8,No,RB41,3586,,0
Deebo Samuel,WR59,WR,SFO,2873,30.7,No,WR60,3531,,0
Keon Coleman,WR60,WR,BUF,2853,23.4,No,WR61,3496,,0
Brenton Strange,TE17,TE,JAC,2847,25.8,No,TE17,3476,,0
Devaughn Vele,WR61,WR,NOS,2837,28.8,No,WR69,3373,,0
Keaton Mitchell,RB42,RB,LAC,2816,24.7,No,RB43,3428,,0
Oronde Gadsden,TE18,TE,LAC,2809,23.3,No,TE18,3464,,0
Ted Hurst,WR62,WR,TBB,2808,22.3,Yes,WR63,3443,,0
2029 Mid 2nd,,PI,,2801,,,,3363,,0
Khalil Shakir,WR63,WR,BUF,2798,26.7,No,WR59,3554,,0
Roman Wilson,WR64,WR,PIT,2791,25.3,No,WR77,3084,,0
Malik Washington,WR65,WR,MIA,2776,25.8,No,WR66,3413,,0
Stefon Diggs,WR66,WR,WAS,2773,32.8,No,WR62,3482,,0
Tre Tucker,WR67,WR,LVR,2770,25.6,No,WR64,3431,,0
Jakobi Meyers,WR68,WR,JAC,2767,29.9,No,WR65,3417,,0
Jordan Mason,RB43,RB,MIN,2736,27.4,No,RB42,3434,,0
Aaron Jones,RB44,RB,MIN,2723,31.8,No,RB47,3349,,0
Tre Harris,WR69,WR,LAC,2717,24.6,No,WR70,3332,,0
Kirk Cousins,QB30,QB,LVR,2703,38.1,No,QB37,1879,,0
Tony Pollard,RB45,RB,TEN,2700,29.4,No,RB48,3331,,0
Jonathon Brooks,RB46,RB,CAR,2697,23.2,No,RB44,3388,,0
Jayden Reed,WR70,WR,GBP,2696,26.4,No,WR67,3398,,0
Deshaun Watson,QB31,QB,CLE,2683,31.1,No,QB50,1221,,0
Tyler Allgeier,RB47,RB,ARI,2682,26.5,No,RB46,3376,,0
2027 Early 3rd,,PI,,2674,,,,3133,,0
T.J. Hockenson,TE19,TE,MIN,2671,29.3,No,TE21,3166,,0
Germie Bernard,WR71,WR,PIT,2670,22.8,Yes,WR71,3307,,0
Michael Mayer,TE20,TE,LVR,2667,25.2,No,TE25,3115,,0
Quentin Johnston,WR72,WR,LAC,2665,25.1,No,WR68,3393,,0
Eli Stowers,TE21,TE,PHI,2659,23.5,Yes,TE19,3221,,0
Brian Robinson,RB48,RB,ATL,2657,27.5,No,RB52,3194,,0
Jacoby Brissett,QB32,QB,ARI,2649,33.8,No,QB31,2242,,0
J.K. Dobbins,RB49,RB,DEN,2639,27.8,No,RB45,3380,,0
2029 Late 2nd,,PI,,2632,,,,3045,,0
AJ Barner,TE22,TE,SEA,2619,24.4,No,TE22,3147,,0
Chris Godwin,WR73,WR,TBB,2589,30.6,No,WR73,3225,,0
Rico Dowdle,RB50,RB,PIT,2578,28.3,No,RB49,3263,,0
Dalton Schultz,TE23,TE,HOU,2569,30.2,No,TE24,3114.99,,0
Courtland Sutton,WR74,WR,DEN,2568,31.0,No,WR74,3164,,0
Dallas Goedert,TE25,TE,PHI,2564,31.8,No,TE20,3192,,0
Mark Andrews,TE24,TE,BAL,2563.99,31.1,No,TE23,3141,,0
Michael Pittman,WR75,WR,PIT,2562,29.0,No,WR72,3233,,0
Tank Bigsby,RB51,RB,PHI,2560,25.1,No,RB50,3218,,0
Ricky Pearsall,WR76,WR,SFO,2559.99,26.1,No,WR75,3126,,0
Carson Beck,QB33,QB,ARI,2552,24.9,Yes,QB35,1951,,0
Nicholas Singleton,RB52,RB,TEN,2547,22.8,Yes,RB51,3196,,0
2027 Mid 3rd,,PI,,2545,,,,2930,,0
Isaac TeSlaa,WR77,WR,DET,2535,24.6,No,WR82,2968,,0
Rachaad White,RB53,RB,WAS,2524,27.7,No,RB54,3104,,0
Eli Raridon,TE26,TE,NEP,2523.99,22.6,Yes,TE26,2998,,0
Geno Smith,QB34,QB,NYJ,2512,36.0,No,QB38,1801,,0
Pat Freiermuth,TE27,TE,PIT,2488,28.0,No,TE27,2885,,0
Jaylen Wright,RB54,RB,MIA,2487,23.5,No,RB56,2931,,0
Rashid Shaheed,WR78,WR,SEA,2484,28.1,No,WR83,2927,,0
Kenneth Gainwell,RB55,RB,TBB,2483,27.6,No,RB53,3120,,0
Jaylin Noel,WR79,WR,HOU,2479,24.1,No,WR81,2972,,0
Zachariah Branch,WR80,WR,ATL,2476,22.5,Yes,WR76,3085,,0
Kayshon Boutte,WR81,WR,HOU,2467,24.4,No,WR79,3044,,0
2028 Early 3rd,,PI,,2466.99,,,,2854,,0
Jalen McMillan,WR82,WR,TBB,2466,24.8,No,WR80,3007,,0
2027 Late 3rd,,PI,,2444,,,,2801,,0
Rashod Bateman,WR83,WR,BAL,2438,26.8,No,WR84,2841,,0
Drew Allar,QB35,QB,PIT,2424,22.6,Yes,QB81,300,,0
Mac Jones,QB36,QB,SFO,2408,28.1,No,QB36,1916,,0
Dylan Sampson,RB56,RB,CLE,2403,22.1,No,RB58,2923,,0
Tyjae Spears,RB57,RB,TEN,2402,25.3,No,RB55,2934,,0
Kendre Miller,RB58,RB,NOS,2355,24.3,No,RB62,2741,,0
2028 Mid 3rd,,PI,,2343,,,,2733,,0
Cyrus Allen,WR84,WR,KCC,2336,23.6,Yes,WR78,3056,,0
J.J. McCarthy,QB37,QB,NYG,2328,23.7,No,QB33,1962,,0
Emanuel Wilson,RB59,RB,SEA,2317,27.4,No,RB63,2713,,0
Shedeur Sanders,QB38,QB,CLE,2308,24.7,No,QB30,2310,,0
Chris Rodriguez,RB60,RB,JAC,2274,26.0,No,RB59,2902,,0
Hunter Henry,TE28,TE,NEP,2230,31.8,No,TE29,2673,,0
Alvin Kamara,RB61,RB,NOS,2213,31.2,No,RB65,2642,,0
2029 Early 3rd,,PI,,2209,,,,2502,,0
Tank Dell,WR85,WR,HOU,2202,26.9,No,WR86,2783,,0
Elic Ayomanor,WR86,WR,TEN,2201,23.3,No,WR91,2712.99,,0
MarShawn Lloyd,RB62,RB,GBP,2194,25.8,No,RB57,2925,,0
Kaleb Johnson,RB63,RB,GBP,2186,23.2,No,RB60,2833,,0
Jack Bech,WR87,WR,LVR,2157,23.8,No,WR88,2764,,0
Jalon Daniels,QB39,QB,TBB,2156,23.9,Yes,QB32,2217,,0
Elijah Sarratt,WR88,WR,BAL,2152,23.4,Yes,WR87,2780,,0
Tory Horton,WR89,WR,SEA,2149,23.8,No,WR85,2816,,0
Troy Franklin,WR90,WR,DEN,2148,23.7,No,WR89,2755,,0
Kaytron Allen,RB64,RB,WAS,2143,23.7,Yes,RB61,2808,,0
Chigoziem Okonkwo,TE29,TE,WAS,2137,27.1,No,TE28,2693,,0
Darnell Washington,TE30,TE,PIT,2136,25.1,No,TE33,2571,,0
Cade Otton,TE31,TE,TBB,2132,27.5,No,TE32,2584,,0
Kevin Coleman,WR91,WR,MIA,2129,23.1,Yes,WR94,2615,,0
Travis Hunter,WR92,WR,JAC,2127,23.4,No,WR90,2745,,0
2028 Late 3rd,,PI,,2115,,,,2501.99,,0
2029 Mid 3rd,,PI,,2108,,,,2410,,0
Demond Claiborne,RB65,RB,MIN,2105,23.0,Yes,RB64,2670,,0
Ryan Flournoy,WR93,WR,DAL,2102,26.9,No,WR93,2632,,0
Chris Brazzell II,WR94,WR,CAR,2097,23.0,Yes,WR92,2692,,0
Gunnar Helm,TE32,TE,TEN,2093,24.1,No,TE30,2666,,0
Xavier Hutchinson,WR95,WR,HOU,2073,26.4,No,WR99,2535,,0
Skyler Bell,WR97,WR,BUF,2052,24.2,Yes,WR96,2573,,0
Tyquan Thornton,WR96,WR,KCC,2051.99,26.2,No,WR102,2440,,0
Aaron Rodgers,QB40,QB,PIT,2049,42.8,No,QB44,1510,,0
Jalen Nailor,WR98,WR,LVR,2047,27.6,No,WR98,2548,,0
Drew Lock,QB41,QB,SEA,2045,29.9,No,QB55,952,,0
Mason Taylor,TE33,TE,NYJ,2041,22.4,No,TE31,2592,,0
Kyle Williams,WR99,WR,NEP,2034,23.9,No,WR97,2566,,0
Mike Gesicki,TE34,TE,CIN,2030,31.0,No,TE38,2368,,0
Tyson Bagent,QB42,QB,CHI,2028,26.3,No,QB51,1124,,0
Max Klare,TE35,TE,LAR,2027,23.2,Yes,TE35,2456,,0
Demario Douglas,WR100,WR,NEP,2018,25.8,No,WR95,2593,,0
Marcus Mariota,QB43,QB,WAS,2017.99,32.9,No,QB47,1335,,0
Kimani Vidal,RB66,RB,LAC,2005,25.1,No,RB66,2559,,0
Elijah Arroyo,TE36,TE,SEA,2004,23.5,No,TE34,2544,,0
Raheim Sanders,RB67,RB,CLE,2001,24.3,No,RB68,2444,,0
Jaylin Lane,WR101,WR,WAS,1988,24.4,No,WR106,2389,,0
Darren Waller,TE37,TE,CAR,1971,34.1,No,TE41,2277,,0
2027 Early 4th,,PI,,1970,,,,2299,,0
Jalen Milroe,QB44,QB,SEA,1960,23.8,No,QB34,1961,,0
Sean Tucker,RB68,RB,TBB,1957,25.0,No,RB67,2549,,0
Cole Kmet,TE38,TE,CHI,1953,27.6,No,TE36,2404,,0
Tez Johnson,WR102,WR,TBB,1952,24.4,No,WR101,2448,,0
Will Shipley,RB69,RB,PHI,1948,24.1,No,RB72,2378,,0
Bryce Lance,WR103,WR,NOS,1944,24.1,Yes,WR100,2507,,0
Zavion Thomas,WR104,WR,CHI,1934,22.6,Yes,WR103,2428,,0
Chimere Dike,WR105,WR,TEN,1925,24.8,No,WR105,2390,,0
2029 Late 3rd,,PI,,1923,,,,2265,,0
Colby Parkinson,TE39,TE,LAR,1905,27.7,No,TE39,2326,,0
2027 Mid 4th,,PI,,1904,,,,2213,,0
Dohnte Meyers,WR106,WR,CIN,1902,26.2,No,WR116,2091,,0
Jerry Jeudy,WR107,WR,CLE,1897,27.4,No,WR104,2418,,0
Isaiah Davis,RB70,RB,NYJ,1896.99,24.6,No,RB71,2384,,0
Dawson Knox,TE40,TE,BUF,1891,29.9,No,TE44,2168,,0
Seth McGowan,RB71,RB,IND,1885,25.0,Yes,RB70,2429,,0
Greg Dulcich,TE41,TE,MIA,1884,26.5,No,TE40,2285,,0
Cade Klubnik,QB45,QB,NYJ,1882,23.0,Yes,QB42,1570,,0
Oscar Delp,TE42,TE,NOS,1867,23.2,Yes,TE37,2383,,0
Evan Engram,TE43,TE,DEN,1865,32.1,No,TE42,2262,,0
Jameis Winston,QB46,QB,NYG,1857,32.8,No,QB45,1454,,0
Adam Randall,RB72,RB,BAL,1855,22.2,Yes,RB73,2369,,0
Marvin Mims,WR108,WR,DEN,1850,24.6,No,WR108,2290,,0
Jordan James,RB73,RB,SFO,1848,22.5,No,RB69,2428.99,,0
Xavier Legette,WR109,WR,CAR,1844,25.7,No,WR110,2239,,0
George Holani,RB74,RB,SEA,1842,26.8,No,RB74,2363,,0
2028 Early 4th,,PI,,1841.99,,,,2098,,0
Kalif Raymond,WR110,WR,CHI,1836,32.2,No,WR117,2090,,0
Jauan Jennings,WR111,WR,MIN,1821,29.2,No,WR107,2358,,0
Ray Davis,RB75,RB,BUF,1795,26.9,No,RB75,2334,,0
Jalen Royals,WR112,WR,KCC,1794.99,23.6,No,WR109,2246,,0
2027 Late 4th,,PI,,1794.98,,,,2039,,0
Anthony Richardson,QB47,QB,IND,1788,24.4,No,QB39,1750,,0
Trevor Etienne,RB76,RB,CAR,1776,22.2,No,RB76,2267,,0
Konata Mumpfield,WR113,WR,LAR,1770,24.0,No,WR115,2138,,0
LeQuint Allen,RB77,RB,JAC,1769,22.2,No,RB77,2202,,0
Joshua Palmer,WR114,WR,BUF,1749,27.0,No,WR112,2192,,0
Mack Hollins,WR115,WR,NEP,1742,33.0,No,WR120,1994,,0
Theo Johnson,TE44,TE,NYG,1740,25.6,No,TE43,2255,,0
Keenan Allen,WR116,WR,IND,1737,34.4,No,WR111,2210,,0
Isaiah Bond,WR117,WR,CLE,1721,22.6,No,WR113,2182,,0
Tua Tagovailoa,QB48,QB,ATL,1714,28.6,No,QB40,1685,,0
Cooper Kupp,WR118,WR,SEA,1690,33.3,No,WR119,2009,,0
Eli Heidenreich,RB78,RB,PIT,1689,23.3,Yes,RB82,1985,,0
Brashard Smith,RB79,RB,KCC,1685,23.5,No,RB79,2068,,0
Josh Cameron,WR119,WR,JAC,1683,23.6,Yes,WR125,1915.99,,0
Jahan Dotson,WR120,WR,ATL,1668,26.5,No,WR118,2015,,0
Tyler Higbee,TE45,TE,LAR,1667,33.8,No,TE46,1940,,0
Tyrone Tracy,RB80,RB,NYG,1665,26.9,No,RB78,2171,,0
David Njoku,TE46,TE,LAC,1664.99,30.2,No,TE45,2060,,0
Brenen Thompson,WR121,WR,LAC,1649,23.2,Yes,WR123,1933,,0
Will Howard,QB49,QB,PIT,1643,25.0,No,QB43,1516,,0
Dont'e Thornton,WR122,WR,LVR,1630,23.8,No,WR114,2148,,0
2028 Mid 4th,,PI,,1611,,,,1945,,0
Carson Wentz,QB50,QB,MIN,1607,33.8,No,QB53,992,,0
2029 Early 4th,,PI,,1603,,,,1844,,0
DJ Giddens,RB81,RB,IND,1597,23.1,No,RB80,2058,,0
Barion Brown,WR123,WR,NOS,1592,22.8,Yes,WR121,1974,,0
Noah Fant,TE47,TE,NOS,1590,28.9,No,TE48,1845,,0
Isiah Pacheco,RB82,RB,DET,1567,27.6,No,RB81,1987,,0
Chris Brooks,RB83,RB,GBP,1550,26.7,No,RB83,1966,,0
Justice Hill,RB84,RB,BAL,1549,28.9,No,RB84,1955,,0
Malik Benson,WR125,WR,LVR,1542,24.0,Yes,WR124,1924,,0
Kendrick Bourne,WR124,WR,ARI,1541.99,31.2,No,WR127,1848,,0
Darnell Mooney,WR126,WR,NYG,1538,28.9,No,WR122,1942,,0
Najee Harris,RB85,RB,NYG,1521,28.6,No,RB85,1893,,0
Treylon Burks,WR127,WR,WAS,1515,26.5,No,WR126,1851,,0
Trey Benson,RB86,RB,ARI,1513,24.2,No,RB86,1887,,0
Jake Tonges,TE48,TE,SFO,1499,27.2,No,TE47,1886.99,,0
Taylen Green,QB51,QB,CLE,1495,24.0,Yes,QB100,219,,0
Matthew Hibner,TE49,TE,BAL,1487,24.6,Yes,TE53,1663,,0
2028 Late 4th,,PI,,1477,,,,1677,,0
Justin Fields,QB52,QB,KCC,1455,27.6,No,QB41,1627,,0
Devontez Walker,WR128,WR,BAL,1448,25.3,No,WR128,1798,,0
Noah Gray,TE50,TE,KCC,1445,27.4,No,TE50,1766,,0
Sione Vaki,RB87,RB,DET,1433,25.2,No,RB91,1698,,0
Christian Kirk,WR129,WR,SFO,1427,29.9,No,WR129,1768,,0
Malik Davis,RB88,RB,DAL,1415,27.9,No,RB87,1788,,0
John Metchie,WR130,WR,CAR,1414,26.2,No,WR131,1695,,0
Ja'Tavion Sanders,TE51,TE,CAR,1408,23.5,No,TE49,1777,,0
Luke Musgrave,TE52,TE,GBP,1401,26.1,No,TE52,1703,,0
Jahdae Walker,WR131,WR,CHI,1400.99,24.2,No,WR141,1559,,0
Roschon Johnson,RB89,RB,CHI,1398,25.7,No,RB88,1785,,0
2029 Mid 4th,,PI,,1387,,,,1714,,0
Garrett Nussmeier,QB53,QB,KCC,1375,24.7,Yes,QB49,1243,,0
Ben Sinnott,TE53,TE,WAS,1366,24.3,No,TE51,1757,,0
Devin Singletary,RB90,RB,NYG,1356,29.1,No,RB92,1676.99,,0
Andrei Iosivas,WR132,WR,CIN,1349,27.0,No,WR130,1753,,0
Deion Burks,WR133,WR,IND,1348,23.7,Yes,WR135,1649,,0
Tyreek Hill,WR134,WR,FA,1334,32.6,No,WR139,1594,,0
Savion Williams,WR135,WR,GBP,1333,24.9,No,WR132,1680,,0
Joe Milton,QB54,QB,DAL,1332,26.6,No,QB46,1382,,0
Justin Joly,TE54,TE,MIA,1323,22.2,Yes,TE54,1614,,0
Colbie Young,WR136,WR,CIN,1318,24.2,Yes,WR142,1552,,0
Charlie Kolar,TE55,TE,LAC,1315,27.6,No,TE56,1543,,0
Jordan Watkins,WR137,WR,SFO,1306,24.6,No,WR138,1602,,0
Jordan Whittington,WR138,WR,LAR,1304,26.0,No,WR136,1633,,0
2029 Late 4th,,PI,,1303.99,,,,1524,,0
Marlin Klein,TE56,TE,HOU,1302,24.0,Yes,TE58,1522,,0
Riley Leonard,QB55,QB,IND,1300,24.1,No,QB52,1027,,0
Jarquez Hunter,RB91,RB,MIA,1298,23.8,No,RB89,1736,,0
Quinn Ewers,QB56,QB,JAC,1297,23.4,No,QB48,1303,,0
Tommy Tremble,TE57,TE,CAR,1288,26.4,No,TE55,1613,,0
Tahj Brooks,RB92,RB,CIN,1286,24.4,No,RB90,1724,,0
Ty Johnson,RB93,RB,BUF,1282,29.0,No,RB94,1557,,0
Jalen Tolbert,WR139,WR,MIA,1277,27.6,No,WR134,1651,,0
Jaydon Blue,RB94,RB,PHI,1276,22.7,No,RB93,1659,,0
Tutu Atwell,WR140,WR,LAR,1265,27.0,No,WR133,1654,,0
Skyy Moore,WR141,WR,GBP,1263,26.1,No,WR150,1453.99,,0
Emari Demercado,RB95,RB,DAL,1262,27.7,No,RB95,1556,,0
Dyami Brown,WR142,WR,WAS,1255,26.9,No,WR140,1582,,0
James Conner,RB96,RB,ARI,1247,31.4,No,RB96,1551,,0
Luke McCaffrey,WR143,WR,WAS,1246,25.5,No,WR137,1601.99,,0
Erick All,TE58,TE,CIN,1234,26.1,No,TE57,1523.99,,0
Jaleel McLaughlin,RB97,RB,CLE,1211,26.1,No,RB99,1451,,0
Cedric Tillman,WR144,WR,NOS,1210,26.5,No,WR146,1478,,0
Kameron Johnson,WR145,WR,TBB,1208,24.6,No,WR152,1424,,0
Jacob Cowing,WR146,WR,SFO,1206,25.7,No,WR148,1460,,0
Samaje Perine,RB98,RB,CIN,1203,31.0,No,RB98,1471,,0
Trey Palmer,WR147,WR,NOS,1195,25.5,No,WR147,1470.99,,0
Jack Strand,QB57,QB,ATL,1191,22.3,Yes,QB78,359,,0
Zach Ertz,TE59,TE,PHI,1187,35.9,No,TE59,1421,,0
Tai Felton,WR149,WR,MIN,1174,23.6,No,WR144,1484,,0
Olamide Zaccheaus,WR148,WR,ATL,1173.99,29.2,No,WR149,1457,,0
Malachi Corley,WR150,WR,CLE,1173,24.6,No,WR145,1480,,0
Devin Neal,RB99,RB,MIN,1172,23.2,No,RB97,1502,,0
Cade Stover,TE60,TE,HOU,1171.99,26.3,No,TE60,1381,,0
KeAndre Lambert-Smith,WR151,WR,LAC,1168,25.0,No,WR143,1507,,0
Tyler Huntley,QB58,QB,BAL,1165,28.7,No,QB57,618,,0
Jack Endries,TE61,TE,CIN,1162,22.5,Yes,TE64,1302.99,,0
J'Mari Taylor,RB100,RB,JAC,1152,24.7,Yes,RB100,1391,,0
Daniel Bellinger,TE62,TE,TEN,1150,26.0,No,TE61,1355,,0
Jacob Saylors,RB101,RB,DET,1146,25.6,No,RB102,1334.99,,0
Audric Estime,RB102,RB,MIN,1123,23.1,No,RB101,1387,,0
Mitchell Evans,TE63,TE,CAR,1121,23.6,No,TE63,1316,,0
Efton Chism,WR152,WR,NEP,1117,25.0,No,WR156,1331,,0
Sam Roush,TE64,TE,CHI,1116.99,23.1,Yes,TE65,1279,,0
Dillon Gabriel,QB59,QB,CLE,1115,25.8,No,QB56,951.99,,0
Jimmy Horn,WR153,WR,CLE,1111,24.1,No,WR153,1398,,0
Calvin Ridley,WR154,WR,TEN,1105,31.8,No,WR151,1426,,0
Demarcus Robinson,WR155,WR,SFO,1101,32.0,No,WR157,1264,,0
Spencer Rattler,QB60,QB,NOS,1099,26.0,No,QB54,962,,0
Jonnu Smith,TE65,TE,GBP,1088,31.1,No,TE62,1325,,0
Cody White,WR156,WR,LVR,1086,27.8,No,WR160,1230,,0
CJ Daniels,WR157,WR,LAR,1082,24.8,Yes,WR154,1358,,0
Tyler Badie,RB103,RB,DEN,1081.99,26.7,No,RB105,1266,,0
Rasheen Ali,RB104,RB,BAL,1076,25.6,No,RB104,1309,,0
Isaac Guerendo,RB105,RB,SFO,1062,26.3,No,RB103,1313,,0
Davis Mills,QB61,QB,HOU,1042,28.0,No,QB79,302,,0
Tyler Goodson,RB106,RB,DAL,1040,25.9,No,RB107,1185,,0
Michael Trigg,TE66,TE,DAL,1028,24.3,Yes,TE66,1238,,0
Jonathan Mingo,WR159,WR,DAL,1021,25.5,No,WR155,1332,,0
Marquise Brown,WR158,WR,PHI,1020.99,29.3,No,WR158,1256,,0
Greg Dortch,WR160,WR,BUF,1018,28.4,No,WR159,1249,,0
Calvin Austin III,WR161,WR,NYG,1016,27.5,No,WR162,1199,,0
Austin Ekeler,RB107,RB,WAS,1007,31.4,No,RB106,1191,,0
KaVontae Turpin,WR162,WR,DAL,1001,30.2,No,WR163,1197,,0
Elijah Moore,WR163,WR,PHI,997,26.5,No,WR161,1210,,0
Jalin Hyatt,WR164,WR,NYG,991,25.0,No,WR164,1188,,0
Tanner Koziol,TE67,TE,JAC,979,23.7,Yes,TE69,1104,,0
Darius Slayton,WR165,WR,IND,977,29.7,No,WR165,1137,,0
Elijah Higgins,TE68,TE,ARI,976,25.9,No,TE67,1218,,0
Will Kacmarek,TE69,TE,MIA,975,23.6,Yes,TE70,1078,,0
AJ Dillon,RB108,RB,CAR,939,28.4,No,RB108,1047,,0
Davis Allen,TE70,TE,LAR,933,25.7,No,TE68,1139,,0
Gabriel Davis,WR166,WR,BUF,907,27.5,No,WR168,1072,,0
David Bell,WR167,WR,CLE,905,25.8,No,WR166,1106,,0
Kalel Mullings,RB109,RB,TEN,900,24.0,No,RB111,1041,,0
Tanner McKee,QB62,QB,PHI,895,26.4,No,QB67,478,,0
Javon Baker,WR168,WR,SFO,884,24.6,No,WR167,1077,,0
Luke Schoonmaker,TE71,TE,DAL,871,28.0,No,TE71,1048,,0
Frank Gore Jr.,RB111,RB,BUF,848,24.6,No,RB110,1042,,0
Dameon Pierce,RB110,RB,PHI,847.99,26.6,No,RB113,1010,,0
Xavier Restrepo,WR169,WR,TEN,847,24.5,No,WR169,1040,,0
Bam Knight,RB112,RB,ARI,837,25.5,No,RB112,1034,,0
Kendall Milton,RB113,RB,CIN,802,24.6,No,RB116,938,,0
Trey Lance,QB63,QB,LAC,800,26.4,No,QB65,546,,0
Sam Howell,QB64,QB,DAL,795,26.0,No,QB58,567,,0
Brock Wright,TE72,TE,DET,794,27.9,No,TE73,881,,0
Kyle McCord,QB65,QB,MIA,793.99,24.0,No,QB83,286,,0
Israel Abanikanda,RB114,RB,DAL,789,24.0,No,RB115,973,,0
Jerome Ford,RB115,RB,MIN,785,27.1,No,RB109,1045,,0
Stetson Bennett,QB66,QB,LAR,784.99,28.9,No,QB85,264,,0
Bo Melton,WR170,WR,GBP,781,27.4,No,WR173,914,,0
Le'Veon Moss,RB116,RB,MIA,780.99,23.9,Yes,RB118,864,,0
Phil Mafah,RB117,RB,NYG,780,24.0,No,RB114,976,,0
Brevin Jordan,TE73,TE,HOU,776,26.2,No,TE72,953,,0
Khalil Herbert,RB118,RB,ATL,775.99,28.5,No,RB119,838,,0
Mason Tipton,WR171,WR,NOS,773,26.0,No,WR171,956,,0
Case Keenum,QB67,QB,CHI,771,38.6,No,QB99,236,,0
Arian Smith,WR172,WR,NYJ,770,25.0,No,WR170,1009,,0
Gardner Minshew,QB68,QB,ARI,762,30.4,No,QB69,411,,0
Nick Westbrook-Ikhine,WR173,WR,IND,753,29.6,No,WR174,879,,0
Xavier Gipson,WR174,WR,PHI,747,25.6,No,WR172,915,,0
Reggie Virgil,WR175,WR,ARI,741,22.4,Yes,WR175,876,,0
Jared Wiley,TE74,TE,KCC,735,25.9,No,TE74,863,,0
Kenny Pickett,QB69,QB,CAR,712,28.3,No,QB64,547,,0
Michael Carter,RB119,RB,TEN,711,27.4,No,RB117,900,,0
Jeremy Ruckert,TE75,TE,NYJ,658,26.2,No,TE75,806,,0
Foster Moreau,TE76,TE,HOU,643,29.4,No,TE76,782,,0
Joe Flacco,QB70,QB,CIN,638,41.7,No,QB62,549,,0
Jake Bobo,WR176,WR,SEA,635,28.2,No,WR176,867,,0
Isaiah Hodgins,WR177,WR,PIT,624,28.0,No,WR181,739,,0
Lil'Jordan Humphrey,WR178,WR,DEN,600,28.5,No,WR179,761,,0
LaJohntay Wester,WR179,WR,BAL,599,24.5,No,WR177,835,,0
Dylan Laube,RB120,RB,LVR,582,26.8,No,RB120,810,,0
Travis Homer,RB121,RB,PIT,567,28.2,No,RB121,698,,0
Will Levis,QB71,QB,NYJ,560,27.3,No,QB66,538,,0
Tyler Johnson,WR180,WR,NYJ,559,28.1,No,WR182,706,,0
Tyrell Shavers,WR181,WR,BUF,530,27.1,No,WR178,774,,0
Cole Payton,QB72,QB,PHI,518,24.0,Yes,QB104,200,,0
Zamir White,RB122,RB,NOS,497,27.0,No,RB123,689,,0
Derius Davis,WR182,WR,LAC,496.99,26.1,No,WR184,679,,0
Johnny Wilson,WR183,WR,PHI,489,25.5,No,WR180,756,,0
Aidan O'Connell,QB73,QB,LVR,484,28.1,No,QB61,550,,0
Tyler Scott,WR184,WR,LVR,472,25.0,No,WR186,581,,0
Zavier Scott,RB123,RB,CHI,467,27.2,No,RB132,559,,0
Jeremy McNichols,RB124,RB,WAS,465,30.8,No,RB129,562,,0
Josh Reynolds,WR185,WR,NYJ,464,31.6,No,WR192,548,,0
Josh Oliver,TE77,TE,MIN,461,29.6,No,TE78,561.99,,0
Bub Means,WR186,WR,CLE,457,25.7,No,WR191,548.99,,0
Julius Chestnut,RB125,RB,TEN,456,26.0,No,RB124,639,,0
Donovan Edwards,RB126,RB,FA,455.99,23.6,No,RB144,542,,0
Tim Patrick,WR187,WR,NYJ,455,32.9,No,WR210,525,,0
Miles Sanders,RB127,RB,FA,452,29.4,No,RB142,544,,0
